UF;Cod_Infração;Quantidade
ACRE;5002;16
ALAGOAS;5002;29
AMAZONAS;5002;3131
AMAPA;5002;9
BAHIA;5002;636
CEARA;5002;133
DISTRITO FEDERAL;5002;340
ESPIRITO SANTO;5002;586
GOIAS;5002;1167
MARANHAO;5002;71
MATO GROSSO;5002;601
MATO GROSSO DO SUL;5002;5261
MINAS GERAIS;5002;14819
PARA;5002;152
PARAIBA;5002;39
PARANA;5002;3738
PERNAMBUCO;5002;232
PIAUI;5002;49
RIO DE JANEIRO;5002;946
RIO GRANDE DO NORTE;5002;67
RIO GRANDE DO SUL;5002;9667
RONDONIA;5002;148
RORAIMA;5002;11
SANTA CATARINA;5002;12014
SAO PAULO;5002;41741
SERGIPE;5002;58
TOCANTINS;5002;94
ACRE;5010;104
ALAGOAS;5010;405
AMAZONAS;5010;565
AMAPA;5010;144
BAHIA;5010;2204
CEARA;5010;10710
DISTRITO FEDERAL;5010;352
ESPIRITO SANTO;5010;461
GOIAS;5010;645
MARANHAO;5010;2882
MATO GROSSO;5010;4345
MATO GROSSO DO SUL;5010;8133
MINAS GERAIS;5010;8467
PARA;5010;661
PARAIBA;5010;3802
PARANA;5010;1629
PERNAMBUCO;5010;1267
PIAUI;5010;873
RIO DE JANEIRO;5010;940
RIO GRANDE DO NORTE;5010;800
RIO GRANDE DO SUL;5010;4922
RONDONIA;5010;299
RORAIMA;5010;415
SANTA CATARINA;5010;5336
SAO PAULO;5010;1847
SERGIPE;5010;804
TOCANTINS;5010;154
ACRE;5029;2
ALAGOAS;5029;2
AMAZONAS;5029;5
AMAPA;5029;1
BAHIA;5029;22
CEARA;5029;45
DISTRITO FEDERAL;5029;6
ESPIRITO SANTO;5029;103
GOIAS;5029;9
MARANHAO;5029;4
MATO GROSSO;5029;16
MATO GROSSO DO SUL;5029;90
MINAS GERAIS;5029;336
PARA;5029;2
PARAIBA;5029;72
PARANA;5029;320
PERNAMBUCO;5029;15
RIO DE JANEIRO;5029;29
RIO GRANDE DO NORTE;5029;1
RIO GRANDE DO SUL;5029;1337
RONDONIA;5029;10
RORAIMA;5029;4
SANTA CATARINA;5029;496
SAO PAULO;5029;443
SERGIPE;5029;31
TOCANTINS;5029;1
ACRE;5037;6
ALAGOAS;5037;23
AMAZONAS;5037;27
AMAPA;5037;11
BAHIA;5037;120
CEARA;5037;535
DISTRITO FEDERAL;5037;18
ESPIRITO SANTO;5037;38
GOIAS;5037;66
MARANHAO;5037;54
MATO GROSSO;5037;112
MATO GROSSO DO SUL;5037;312
MINAS GERAIS;5037;686
PARA;5037;33
PARAIBA;5037;85
PARANA;5037;123
PERNAMBUCO;5037;63
PIAUI;5037;40
RIO DE JANEIRO;5037;95
RIO GRANDE DO NORTE;5037;35
RIO GRANDE DO SUL;5037;453
RONDONIA;5037;26
RORAIMA;5037;6
SANTA CATARINA;5037;213
SAO PAULO;5037;167
SERGIPE;5037;49
TOCANTINS;5037;4
ACRE;5045;79
ALAGOAS;5045;55
AMAZONAS;5045;157
AMAPA;5045;73
BAHIA;5045;626
CEARA;5045;2021
DISTRITO FEDERAL;5045;231
ESPIRITO SANTO;5045;235
GOIAS;5045;292
MARANHAO;5045;293
MATO GROSSO;5045;963
MATO GROSSO DO SUL;5045;1263
MINAS GERAIS;5045;1038
PARA;5045;227
PARAIBA;5045;307
PARANA;5045;480
PERNAMBUCO;5045;236
PIAUI;5045;196
RIO DE JANEIRO;5045;326
RIO GRANDE DO NORTE;5045;196
RIO GRANDE DO SUL;5045;1305
RONDONIA;5045;141
RORAIMA;5045;106
SANTA CATARINA;5045;2774
SAO PAULO;5045;836
SERGIPE;5045;175
TOCANTINS;5045;94
ACRE;5053;6
ALAGOAS;5053;21
AMAZONAS;5053;61
AMAPA;5053;3
BAHIA;5053;132
CEARA;5053;1899
DISTRITO FEDERAL;5053;26
ESPIRITO SANTO;5053;15
GOIAS;5053;35
MARANHAO;5053;21
MATO GROSSO;5053;27
MATO GROSSO DO SUL;5053;52
MINAS GERAIS;5053;168
PARA;5053;18
PARAIBA;5053;128
PARANA;5053;90
PERNAMBUCO;5053;123
PIAUI;5053;41
RIO DE JANEIRO;5053;75
RIO GRANDE DO NORTE;5053;87
RIO GRANDE DO SUL;5053;94
RONDONIA;5053;22
RORAIMA;5053;5
SANTA CATARINA;5053;271
SAO PAULO;5053;139
SERGIPE;5053;19
TOCANTINS;5053;4
ACRE;5061;11
ALAGOAS;5061;5
AMAZONAS;5061;7
AMAPA;5061;3
BAHIA;5061;109
CEARA;5061;162
DISTRITO FEDERAL;5061;18
ESPIRITO SANTO;5061;14
GOIAS;5061;13
MARANHAO;5061;92
MATO GROSSO;5061;138
MATO GROSSO DO SUL;5061;241
MINAS GERAIS;5061;138
PARA;5061;21
PARAIBA;5061;182
PARANA;5061;40
PERNAMBUCO;5061;56
PIAUI;5061;26
RIO DE JANEIRO;5061;37
RIO GRANDE DO NORTE;5061;29
RIO GRANDE DO SUL;5061;82
RONDONIA;5061;11
RORAIMA;5061;12
SANTA CATARINA;5061;232
SAO PAULO;5061;64
SERGIPE;5061;22
TOCANTINS;5061;6
BAHIA;5070;1
CEARA;5070;1
ESPIRITO SANTO;5070;3
GOIAS;5070;1
MINAS GERAIS;5070;4
PARA;5070;1
PARAIBA;5070;1
PARANA;5070;9
PERNAMBUCO;5070;1
RIO GRANDE DO SUL;5070;64
SANTA CATARINA;5070;16
SAO PAULO;5070;19
SERGIPE;5070;2
ACRE;5088;1
AMAZONAS;5088;1
BAHIA;5088;6
CEARA;5088;25
ESPIRITO SANTO;5088;2
GOIAS;5088;1
MATO GROSSO;5088;3
MATO GROSSO DO SUL;5088;3
MINAS GERAIS;5088;16
PARA;5088;1
PARAIBA;5088;3
PARANA;5088;3
PIAUI;5088;2
RIO DE JANEIRO;5088;7
RIO GRANDE DO NORTE;5088;1
RIO GRANDE DO SUL;5088;24
SANTA CATARINA;5088;11
SAO PAULO;5088;8
TOCANTINS;5088;1
ACRE;5096;2
ALAGOAS;5096;1
BAHIA;5096;17
CEARA;5096;59
DISTRITO FEDERAL;5096;8
ESPIRITO SANTO;5096;8
GOIAS;5096;5
MARANHAO;5096;3
MATO GROSSO;5096;16
MATO GROSSO DO SUL;5096;27
MINAS GERAIS;5096;17
PARA;5096;7
PARAIBA;5096;8
PARANA;5096;14
PERNAMBUCO;5096;8
PIAUI;5096;6
RIO DE JANEIRO;5096;22
RIO GRANDE DO NORTE;5096;7
RIO GRANDE DO SUL;5096;115
RONDONIA;5096;3
RORAIMA;5096;4
SANTA CATARINA;5096;100
SAO PAULO;5096;30
SERGIPE;5096;4
TOCANTINS;5096;1
ACRE;5100;1
CEARA;5100;59
ESPIRITO SANTO;5100;1
GOIAS;5100;2
MARANHAO;5100;1
MINAS GERAIS;5100;3
PARAIBA;5100;4
PERNAMBUCO;5100;1
PIAUI;5100;1
RIO DE JANEIRO;5100;3
RIO GRANDE DO NORTE;5100;4
RIO GRANDE DO SUL;5100;4
SANTA CATARINA;5100;3
SAO PAULO;5100;5
ACRE;5118;15
ALAGOAS;5118;80
AMAZONAS;5118;250
AMAPA;5118;76
BAHIA;5118;532
CEARA;5118;7968
DISTRITO FEDERAL;5118;60
ESPIRITO SANTO;5118;174
GOIAS;5118;98
MARANHAO;5118;116
MATO GROSSO;5118;233
MATO GROSSO DO SUL;5118;2995
MINAS GERAIS;5118;958
PARA;5118;131
PARAIBA;5118;591
PARANA;5118;913
PERNAMBUCO;5118;387
PIAUI;5118;224
RIO DE JANEIRO;5118;301
RIO GRANDE DO NORTE;5118;230
RIO GRANDE DO SUL;5118;682
RONDONIA;5118;20
RORAIMA;5118;69
SANTA CATARINA;5118;2328
SAO PAULO;5118;758
SERGIPE;5118;178
TOCANTINS;5118;16
BAHIA;5126;6
CEARA;5126;38
DISTRITO FEDERAL;5126;2
ESPIRITO SANTO;5126;28
GOIAS;5126;1
MATO GROSSO;5126;1
MATO GROSSO DO SUL;5126;30
MINAS GERAIS;5126;38
PARAIBA;5126;5
PARANA;5126;106
PERNAMBUCO;5126;1
RIO DE JANEIRO;5126;12
RIO GRANDE DO SUL;5126;138
RONDONIA;5126;1
SANTA CATARINA;5126;137
SAO PAULO;5126;83
SERGIPE;5126;12
TOCANTINS;5126;1
ALAGOAS;5134;6
AMAZONAS;5134;2
AMAPA;5134;4
BAHIA;5134;19
CEARA;5134;340
DISTRITO FEDERAL;5134;3
ESPIRITO SANTO;5134;13
GOIAS;5134;6
MARANHAO;5134;5
MATO GROSSO;5134;7
MATO GROSSO DO SUL;5134;85
MINAS GERAIS;5134;92
PARA;5134;6
PARAIBA;5134;20
PARANA;5134;40
PERNAMBUCO;5134;29
PIAUI;5134;7
RIO DE JANEIRO;5134;36
RIO GRANDE DO NORTE;5134;16
RIO GRANDE DO SUL;5134;86
RORAIMA;5134;1
SANTA CATARINA;5134;93
SAO PAULO;5134;68
SERGIPE;5134;13
ACRE;5142;6
ALAGOAS;5142;6
AMAZONAS;5142;16
AMAPA;5142;23
BAHIA;5142;115
CEARA;5142;1177
DISTRITO FEDERAL;5142;20
ESPIRITO SANTO;5142;36
GOIAS;5142;32
MARANHAO;5142;10
MATO GROSSO;5142;33
MATO GROSSO DO SUL;5142;233
MINAS GERAIS;5142;128
PARA;5142;32
PARAIBA;5142;43
PARANA;5142;157
PERNAMBUCO;5142;71
PIAUI;5142;35
RIO DE JANEIRO;5142;73
RIO GRANDE DO NORTE;5142;57
RIO GRANDE DO SUL;5142;123
RONDONIA;5142;5
RORAIMA;5142;11
SANTA CATARINA;5142;663
SAO PAULO;5142;234
SERGIPE;5142;39
TOCANTINS;5142;6
ALAGOAS;5150;11
AMAZONAS;5150;4
BAHIA;5150;15
CEARA;5150;922
DISTRITO FEDERAL;5150;8
ESPIRITO SANTO;5150;4
GOIAS;5150;7
MARANHAO;5150;11
MATO GROSSO DO SUL;5150;1
MINAS GERAIS;5150;47
PARA;5150;6
PARAIBA;5150;32
PARANA;5150;17
PERNAMBUCO;5150;29
PIAUI;5150;19
RIO DE JANEIRO;5150;17
RIO GRANDE DO NORTE;5150;34
RIO GRANDE DO SUL;5150;26
RORAIMA;5150;1
SANTA CATARINA;5150;24
SAO PAULO;5150;39
SERGIPE;5150;5
TOCANTINS;5150;1
ACRE;5169;45
ALAGOAS;5169;18
AMAZONAS;5169;423
AMAPA;5169;17
BAHIA;5169;120
CEARA;5169;321
DISTRITO FEDERAL;5169;102
ESPIRITO SANTO;5169;38
GOIAS;5169;86
MARANHAO;5169;422
MATO GROSSO;5169;699
MATO GROSSO DO SUL;5169;1767
MINAS GERAIS;5169;856
PARA;5169;105
PARAIBA;5169;376
PARANA;5169;472
PERNAMBUCO;5169;241
PIAUI;5169;71
RIO DE JANEIRO;5169;40
RIO GRANDE DO NORTE;5169;60
RIO GRANDE DO SUL;5169;280
RONDONIA;5169;61
RORAIMA;5169;84
SANTA CATARINA;5169;948
SAO PAULO;5169;741
SERGIPE;5169;82
TOCANTINS;5169;31
AMAZONAS;5177;1
BAHIA;5177;2
CEARA;5177;6
DISTRITO FEDERAL;5177;2
ESPIRITO SANTO;5177;1
MARANHAO;5177;4
MATO GROSSO;5177;2
MATO GROSSO DO SUL;5177;39
MINAS GERAIS;5177;15
PARA;5177;4
PARAIBA;5177;3
PARANA;5177;19
PERNAMBUCO;5177;2
PIAUI;5177;1
RIO GRANDE DO NORTE;5177;2
RIO GRANDE DO SUL;5177;22
SANTA CATARINA;5177;16
SAO PAULO;5177;12
TOCANTINS;5177;1
ACRE;5185;134
ALAGOAS;5185;222
AMAZONAS;5185;2851
AMAPA;5185;86
BAHIA;5185;5338
CEARA;5185;11187
DISTRITO FEDERAL;5185;919
ESPIRITO SANTO;5185;1321
GOIAS;5185;1341
MARANHAO;5185;1128
MATO GROSSO;5185;15853
MATO GROSSO DO SUL;5185;8732
MINAS GERAIS;5185;15880
PARA;5185;530
PARAIBA;5185;4065
PARANA;5185;9244
PERNAMBUCO;5185;1424
PIAUI;5185;1678
RIO DE JANEIRO;5185;5072
RIO GRANDE DO NORTE;5185;869
RIO GRANDE DO SUL;5185;3978
RONDONIA;5185;628
RORAIMA;5185;2733
SANTA CATARINA;5185;21542
SAO PAULO;5185;86442
SERGIPE;5185;379
TOCANTINS;5185;137
ACRE;5193;60
ALAGOAS;5193;32
AMAZONAS;5193;334
AMAPA;5193;44
BAHIA;5193;465
CEARA;5193;1764
DISTRITO FEDERAL;5193;113
ESPIRITO SANTO;5193;115
GOIAS;5193;154
MARANHAO;5193;156
MATO GROSSO;5193;547
MATO GROSSO DO SUL;5193;499
MINAS GERAIS;5193;872
PARA;5193;253
PARAIBA;5193;290
PARANA;5193;700
PERNAMBUCO;5193;165
PIAUI;5193;175
RIO DE JANEIRO;5193;390
RIO GRANDE DO NORTE;5193;136
RIO GRANDE DO SUL;5193;403
RONDONIA;5193;179
RORAIMA;5193;127
SANTA CATARINA;5193;1154
SAO PAULO;5193;2922
SERGIPE;5193;54
TOCANTINS;5193;26
ACRE;5207;13
ALAGOAS;5207;35
AMAZONAS;5207;59
AMAPA;5207;5
BAHIA;5207;607
CEARA;5207;1213
DISTRITO FEDERAL;5207;147
ESPIRITO SANTO;5207;121
GOIAS;5207;691
MARANHAO;5207;240
MATO GROSSO;5207;987
MATO GROSSO DO SUL;5207;617
MINAS GERAIS;5207;2640
PARA;5207;44
PARAIBA;5207;644
PARANA;5207;551
PERNAMBUCO;5207;475
PIAUI;5207;92
RIO DE JANEIRO;5207;146
RIO GRANDE DO NORTE;5207;180
RIO GRANDE DO SUL;5207;305
RONDONIA;5207;79
RORAIMA;5207;424
SANTA CATARINA;5207;3300
SAO PAULO;5207;15415
SERGIPE;5207;157
TOCANTINS;5207;14
ACRE;5215;2
AMAZONAS;5215;39
AMAPA;5215;1
BAHIA;5215;326
CEARA;5215;118
DISTRITO FEDERAL;5215;6
ESPIRITO SANTO;5215;2
GOIAS;5215;6
MARANHAO;5215;33
MATO GROSSO;5215;26
MATO GROSSO DO SUL;5215;93
MINAS GERAIS;5215;248
PARA;5215;6
PARAIBA;5215;231
PARANA;5215;46
PERNAMBUCO;5215;75
PIAUI;5215;12
RIO DE JANEIRO;5215;15
RIO GRANDE DO NORTE;5215;11
RIO GRANDE DO SUL;5215;52
RONDONIA;5215;2
RORAIMA;5215;12
SANTA CATARINA;5215;157
SAO PAULO;5215;705
SERGIPE;5215;20
TOCANTINS;5215;2
AMAZONAS;5223;1
BAHIA;5223;6
CEARA;5223;14
MARANHAO;5223;2
MATO GROSSO;5223;1
MATO GROSSO DO SUL;5223;1
MINAS GERAIS;5223;4
PARAIBA;5223;1
PARANA;5223;1
PERNAMBUCO;5223;1
PIAUI;5223;2
RIO GRANDE DO SUL;5223;1
RONDONIA;5223;1
SANTA CATARINA;5223;6
SAO PAULO;5223;22
ALAGOAS;5231;1
AMAZONAS;5231;3
AMAPA;5231;1
BAHIA;5231;20
CEARA;5231;20
DISTRITO FEDERAL;5231;6
ESPIRITO SANTO;5231;3
GOIAS;5231;6
MARANHAO;5231;4
MATO GROSSO;5231;20
MATO GROSSO DO SUL;5231;11
MINAS GERAIS;5231;82
PARA;5231;4
PARAIBA;5231;8
PARANA;5231;77
PERNAMBUCO;5231;6
PIAUI;5231;10
RIO DE JANEIRO;5231;12
RIO GRANDE DO NORTE;5231;3
RIO GRANDE DO SUL;5231;22
RONDONIA;5231;3
RORAIMA;5231;2
SANTA CATARINA;5231;147
SAO PAULO;5231;463
SERGIPE;5231;2
TOCANTINS;5231;1
AMAZONAS;5240;1
BAHIA;5240;3
CEARA;5240;3
MARANHAO;5240;5
MATO GROSSO;5240;8
MATO GROSSO DO SUL;5240;2
MINAS GERAIS;5240;6
PARANA;5240;6
PERNAMBUCO;5240;3
RIO GRANDE DO SUL;5240;4
RORAIMA;5240;1
SANTA CATARINA;5240;6
SAO PAULO;5240;33
BAHIA;5258;9
CEARA;5258;5
DISTRITO FEDERAL;5258;1
GOIAS;5258;3
MATO GROSSO;5258;14
MATO GROSSO DO SUL;5258;9
MINAS GERAIS;5258;36
PARA;5258;1
PERNAMBUCO;5258;2
PIAUI;5258;2
RIO DE JANEIRO;5258;1
RIO GRANDE DO SUL;5258;3
SANTA CATARINA;5258;30
SAO PAULO;5258;157
ACRE;5266;1
ALAGOAS;5266;1
BAHIA;5266;19
CEARA;5266;2
MARANHAO;5266;3
MATO GROSSO;5266;2
MATO GROSSO DO SUL;5266;2
MINAS GERAIS;5266;31
PARAIBA;5266;3
PARANA;5266;7
PERNAMBUCO;5266;3
PIAUI;5266;2
RIO DE JANEIRO;5266;3
SANTA CATARINA;5266;23
SAO PAULO;5266;153
SERGIPE;5266;1
ACRE;5274;8
ALAGOAS;5274;5
AMAZONAS;5274;12
BAHIA;5274;171
CEARA;5274;600
DISTRITO FEDERAL;5274;23
ESPIRITO SANTO;5274;16
GOIAS;5274;35
MARANHAO;5274;369
MATO GROSSO;5274;712
MATO GROSSO DO SUL;5274;588
MINAS GERAIS;5274;334
PARA;5274;23
PARAIBA;5274;354
PARANA;5274;118
PERNAMBUCO;5274;264
PIAUI;5274;30
RIO DE JANEIRO;5274;9
RIO GRANDE DO NORTE;5274;21
RIO GRANDE DO SUL;5274;212
RONDONIA;5274;11
RORAIMA;5274;31
SANTA CATARINA;5274;716
SAO PAULO;5274;109
SERGIPE;5274;46
TOCANTINS;5274;11
ACRE;5282;3
AMAZONAS;5282;3
BAHIA;5282;6
CEARA;5282;10
DISTRITO FEDERAL;5282;2
ESPIRITO SANTO;5282;4
GOIAS;5282;2
MARANHAO;5282;2
MATO GROSSO;5282;36
MATO GROSSO DO SUL;5282;55
MINAS GERAIS;5282;45
PARAIBA;5282;13
PARANA;5282;2
PERNAMBUCO;5282;3
PIAUI;5282;1
RIO DE JANEIRO;5282;3
RIO GRANDE DO SUL;5282;7
RONDONIA;5282;3
RORAIMA;5282;3
SANTA CATARINA;5282;48
SAO PAULO;5282;11
SERGIPE;5282;3
BAHIA;5290;2
CEARA;5290;1
ESPIRITO SANTO;5290;1
MARANHAO;5290;1
MATO GROSSO;5290;2
MATO GROSSO DO SUL;5290;2
MINAS GERAIS;5290;5
PARAIBA;5290;1
PARANA;5290;1
PERNAMBUCO;5290;2
RIO GRANDE DO SUL;5290;3
RONDONIA;5290;1
SANTA CATARINA;5290;23
SAO PAULO;5290;5
ACRE;5304;1
BAHIA;5304;1
ESPIRITO SANTO;5304;1
MATO GROSSO;5304;18
MATO GROSSO DO SUL;5304;17
MINAS GERAIS;5304;11
PARA;5304;1
PARAIBA;5304;26
PARANA;5304;4
PERNAMBUCO;5304;4
RIO GRANDE DO NORTE;5304;3
RONDONIA;5304;1
SANTA CATARINA;5304;21
SAO PAULO;5304;4
TOCANTINS;5304;1
ALAGOAS;5312;1
CEARA;5312;1
MATO GROSSO DO SUL;5312;2
RONDONIA;5312;1
SANTA CATARINA;5312;1
ACRE;5320;2
ALAGOAS;5320;1
BAHIA;5320;5
CEARA;5320;3
ESPIRITO SANTO;5320;3
GOIAS;5320;1
MARANHAO;5320;1
MATO GROSSO;5320;2
MATO GROSSO DO SUL;5320;31
MINAS GERAIS;5320;22
PARA;5320;1
PARAIBA;5320;7
PARANA;5320;6
PERNAMBUCO;5320;3
RIO DE JANEIRO;5320;1
RIO GRANDE DO NORTE;5320;2
RIO GRANDE DO SUL;5320;4
RONDONIA;5320;3
RORAIMA;5320;1
SANTA CATARINA;5320;32
SAO PAULO;5320;10
SERGIPE;5320;1
MARANHAO;5339;1
MATO GROSSO;5339;2
MATO GROSSO DO SUL;5339;1
SAO PAULO;5339;2
BAHIA;5347;6
CEARA;5347;7
MATO GROSSO;5347;5
MATO GROSSO DO SUL;5347;1
MINAS GERAIS;5347;17
PARA;5347;1
PARAIBA;5347;1
PARANA;5347;11
PIAUI;5347;2
RIO GRANDE DO NORTE;5347;1
RIO GRANDE DO SUL;5347;18
RONDONIA;5347;2
RORAIMA;5347;1
SANTA CATARINA;5347;42
SAO PAULO;5347;11
AMAZONAS;5355;5
ESPIRITO SANTO;5355;2
MATO GROSSO;5355;2
MINAS GERAIS;5355;4
PERNAMBUCO;5355;2
RIO GRANDE DO SUL;5355;2
RONDONIA;5355;1
SANTA CATARINA;5355;3
SAO PAULO;5355;5
AMAZONAS;5363;1
MINAS GERAIS;5363;3
PARA;5363;2
PARANA;5363;1
PERNAMBUCO;5363;1
PIAUI;5363;1
RIO DE JANEIRO;5363;2
SANTA CATARINA;5363;1
SAO PAULO;5363;5
ACRE;5371;1
ALAGOAS;5371;1
AMAZONAS;5371;8
BAHIA;5371;13
CEARA;5371;11
DISTRITO FEDERAL;5371;1
GOIAS;5371;10
MARANHAO;5371;1
MATO GROSSO;5371;8
MATO GROSSO DO SUL;5371;4
MINAS GERAIS;5371;33
PARA;5371;4
PARAIBA;5371;6
PARANA;5371;23
PERNAMBUCO;5371;2
PIAUI;5371;4
RIO DE JANEIRO;5371;5
RIO GRANDE DO NORTE;5371;3
RIO GRANDE DO SUL;5371;16
RONDONIA;5371;2
SANTA CATARINA;5371;44
SAO PAULO;5371;211
ACRE;5380;1
ALAGOAS;5380;5
AMAZONAS;5380;134
BAHIA;5380;593
CEARA;5380;1675
DISTRITO FEDERAL;5380;29
ESPIRITO SANTO;5380;18
GOIAS;5380;41
MARANHAO;5380;175
MATO GROSSO;5380;443
MATO GROSSO DO SUL;5380;122
MINAS GERAIS;5380;653
PARA;5380;50
PARAIBA;5380;202
PARANA;5380;367
PERNAMBUCO;5380;48
PIAUI;5380;114
RIO DE JANEIRO;5380;24
RIO GRANDE DO NORTE;5380;33
RIO GRANDE DO SUL;5380;63
RONDONIA;5380;26
RORAIMA;5380;21
SANTA CATARINA;5380;733
SAO PAULO;5380;3582
SERGIPE;5380;14
TOCANTINS;5380;11
ALAGOAS;5398;1
AMAZONAS;5398;6
BAHIA;5398;29
CEARA;5398;90
DISTRITO FEDERAL;5398;3
ESPIRITO SANTO;5398;3
GOIAS;5398;3
MARANHAO;5398;11
MATO GROSSO;5398;31
MATO GROSSO DO SUL;5398;7
MINAS GERAIS;5398;90
PARA;5398;1
PARAIBA;5398;41
PARANA;5398;11
PERNAMBUCO;5398;3
PIAUI;5398;3
RIO DE JANEIRO;5398;1
RIO GRANDE DO NORTE;5398;4
RIO GRANDE DO SUL;5398;13
RONDONIA;5398;1
RORAIMA;5398;2
SANTA CATARINA;5398;63
SAO PAULO;5398;242
SERGIPE;5398;1
TOCANTINS;5398;1
ACRE;5401;1
ALAGOAS;5401;2
AMAZONAS;5401;57
BAHIA;5401;104
CEARA;5401;382
DISTRITO FEDERAL;5401;2
ESPIRITO SANTO;5401;1
GOIAS;5401;4
MARANHAO;5401;34
MATO GROSSO;5401;25
MATO GROSSO DO SUL;5401;13
MINAS GERAIS;5401;154
PARA;5401;10
PARAIBA;5401;153
PARANA;5401;34
PERNAMBUCO;5401;25
PIAUI;5401;19
RIO DE JANEIRO;5401;5
RIO GRANDE DO NORTE;5401;27
RIO GRANDE DO SUL;5401;29
RONDONIA;5401;7
RORAIMA;5401;1
SANTA CATARINA;5401;48
SAO PAULO;5401;345
SERGIPE;5401;3
ACRE;5410;3
AMAZONAS;5410;395
AMAPA;5410;2
BAHIA;5410;86
CEARA;5410;205
DISTRITO FEDERAL;5410;12
ESPIRITO SANTO;5410;6
GOIAS;5410;9
MARANHAO;5410;70
MATO GROSSO;5410;273
MATO GROSSO DO SUL;5410;24
MINAS GERAIS;5410;197
PARA;5410;27
PARAIBA;5410;108
PARANA;5410;39
PERNAMBUCO;5410;32
PIAUI;5410;25
RIO DE JANEIRO;5410;6
RIO GRANDE DO NORTE;5410;9
RIO GRANDE DO SUL;5410;27
RONDONIA;5410;13
RORAIMA;5410;10
SANTA CATARINA;5410;264
SAO PAULO;5410;555
SERGIPE;5410;5
TOCANTINS;5410;2
ACRE;5428;3
ALAGOAS;5428;6
AMAZONAS;5428;6
AMAPA;5428;15
BAHIA;5428;108
CEARA;5428;224
DISTRITO FEDERAL;5428;22
ESPIRITO SANTO;5428;48
GOIAS;5428;78
MARANHAO;5428;104
MATO GROSSO;5428;103
MATO GROSSO DO SUL;5428;59
MINAS GERAIS;5428;315
PARA;5428;21
PARAIBA;5428;94
PARANA;5428;171
PERNAMBUCO;5428;169
PIAUI;5428;88
RIO DE JANEIRO;5428;96
RIO GRANDE DO NORTE;5428;65
RIO GRANDE DO SUL;5428;109
RONDONIA;5428;34
RORAIMA;5428;2
SANTA CATARINA;5428;309
SAO PAULO;5428;483
SERGIPE;5428;6
TOCANTINS;5428;14
BAHIA;5436;1
CEARA;5436;3
DISTRITO FEDERAL;5436;1
MATO GROSSO DO SUL;5436;3
MINAS GERAIS;5436;4
PARAIBA;5436;1
SANTA CATARINA;5436;53
SAO PAULO;5436;26
ACRE;5444;9
ALAGOAS;5444;13
AMAZONAS;5444;23
AMAPA;5444;8
BAHIA;5444;97
CEARA;5444;131
DISTRITO FEDERAL;5444;51
ESPIRITO SANTO;5444;34
GOIAS;5444;85
MARANHAO;5444;146
MATO GROSSO;5444;45
MATO GROSSO DO SUL;5444;90
MINAS GERAIS;5444;231
PARA;5444;37
PARAIBA;5444;68
PARANA;5444;170
PERNAMBUCO;5444;114
PIAUI;5444;87
RIO DE JANEIRO;5444;85
RIO GRANDE DO NORTE;5444;69
RIO GRANDE DO SUL;5444;59
RONDONIA;5444;21
RORAIMA;5444;12
SANTA CATARINA;5444;630
SAO PAULO;5444;912
SERGIPE;5444;14
TOCANTINS;5444;5
ACRE;5452;10
ALAGOAS;5452;32
AMAZONAS;5452;1047
AMAPA;5452;19
BAHIA;5452;3833
CEARA;5452;2941
DISTRITO FEDERAL;5452;135
ESPIRITO SANTO;5452;140
GOIAS;5452;188
MARANHAO;5452;501
MATO GROSSO;5452;1380
MATO GROSSO DO SUL;5452;983
MINAS GERAIS;5452;4278
PARA;5452;234
PARAIBA;5452;2690
PARANA;5452;2691
PERNAMBUCO;5452;995
PIAUI;5452;606
RIO DE JANEIRO;5452;244
RIO GRANDE DO NORTE;5452;206
RIO GRANDE DO SUL;5452;574
RONDONIA;5452;60
RORAIMA;5452;65
SANTA CATARINA;5452;4695
SAO PAULO;5452;21487
SERGIPE;5452;64
TOCANTINS;5452;33
ALAGOAS;5460;5
AMAZONAS;5460;42
AMAPA;5460;2
BAHIA;5460;345
CEARA;5460;287
DISTRITO FEDERAL;5460;17
ESPIRITO SANTO;5460;11
GOIAS;5460;15
MARANHAO;5460;50
MATO GROSSO;5460;238
MATO GROSSO DO SUL;5460;108
MINAS GERAIS;5460;789
PARA;5460;8
PARAIBA;5460;135
PARANA;5460;501
PERNAMBUCO;5460;68
PIAUI;5460;33
RIO DE JANEIRO;5460;12
RIO GRANDE DO NORTE;5460;17
RIO GRANDE DO SUL;5460;182
RONDONIA;5460;4
RORAIMA;5460;1
SANTA CATARINA;5460;1107
SAO PAULO;5460;3134
SERGIPE;5460;8
TOCANTINS;5460;5
ACRE;5479;1
ALAGOAS;5479;2
AMAZONAS;5479;156
AMAPA;5479;2
BAHIA;5479;459
CEARA;5479;736
DISTRITO FEDERAL;5479;22
ESPIRITO SANTO;5479;10
GOIAS;5479;6
MARANHAO;5479;51
MATO GROSSO;5479;32
MATO GROSSO DO SUL;5479;31
MINAS GERAIS;5479;122
PARA;5479;3
PARAIBA;5479;312
PARANA;5479;173
PERNAMBUCO;5479;86
PIAUI;5479;127
RIO DE JANEIRO;5479;13
RIO GRANDE DO NORTE;5479;57
RIO GRANDE DO SUL;5479;20
RONDONIA;5479;2
RORAIMA;5479;13
SANTA CATARINA;5479;180
SAO PAULO;5479;252
SERGIPE;5479;13
TOCANTINS;5479;1
ACRE;5487;2
ALAGOAS;5487;13
AMAZONAS;5487;939
AMAPA;5487;16
BAHIA;5487;1280
CEARA;5487;2339
DISTRITO FEDERAL;5487;67
ESPIRITO SANTO;5487;36
GOIAS;5487;54
MARANHAO;5487;316
MATO GROSSO;5487;590
MATO GROSSO DO SUL;5487;286
MINAS GERAIS;5487;1291
PARA;5487;127
PARAIBA;5487;2355
PARANA;5487;356
PERNAMBUCO;5487;302
PIAUI;5487;401
RIO DE JANEIRO;5487;59
RIO GRANDE DO NORTE;5487;230
RIO GRANDE DO SUL;5487;140
RONDONIA;5487;44
RORAIMA;5487;17
SANTA CATARINA;5487;478
SAO PAULO;5487;3478
SERGIPE;5487;34
TOCANTINS;5487;12
AMAZONAS;5495;32
BAHIA;5495;9
CEARA;5495;28
DISTRITO FEDERAL;5495;2
ESPIRITO SANTO;5495;3
GOIAS;5495;3
MARANHAO;5495;92
MATO GROSSO;5495;10
MATO GROSSO DO SUL;5495;24
MINAS GERAIS;5495;14
PARA;5495;2
PARAIBA;5495;17
PARANA;5495;6
PERNAMBUCO;5495;4
PIAUI;5495;3
RIO DE JANEIRO;5495;1
RIO GRANDE DO NORTE;5495;5
RIO GRANDE DO SUL;5495;4
RORAIMA;5495;1
SANTA CATARINA;5495;13
SAO PAULO;5495;113
ALAGOAS;5509;7
AMAZONAS;5509;94
BAHIA;5509;824
CEARA;5509;474
DISTRITO FEDERAL;5509;31
ESPIRITO SANTO;5509;30
GOIAS;5509;24
MARANHAO;5509;196
MATO GROSSO;5509;429
MATO GROSSO DO SUL;5509;86
MINAS GERAIS;5509;1904
PARA;5509;20
PARAIBA;5509;206
PARANA;5509;178
PERNAMBUCO;5509;107
PIAUI;5509;303
RIO DE JANEIRO;5509;31
RIO GRANDE DO NORTE;5509;29
RIO GRANDE DO SUL;5509;84
RONDONIA;5509;21
RORAIMA;5509;3
SANTA CATARINA;5509;282
SAO PAULO;5509;3118
SERGIPE;5509;26
TOCANTINS;5509;11
AMAPA;5517;1
BAHIA;5517;44
CEARA;5517;14
DISTRITO FEDERAL;5517;1
ESPIRITO SANTO;5517;1
MARANHAO;5517;3
MATO GROSSO DO SUL;5517;1
MINAS GERAIS;5517;8
PARAIBA;5517;3
PARANA;5517;3
PERNAMBUCO;5517;1
PIAUI;5517;2
RIO DE JANEIRO;5517;2
RIO GRANDE DO NORTE;5517;1
RIO GRANDE DO SUL;5517;2
RONDONIA;5517;1
SANTA CATARINA;5517;8
SAO PAULO;5517;54
SERGIPE;5517;1
ACRE;5525;3
ALAGOAS;5525;6
AMAZONAS;5525;23
AMAPA;5525;1
BAHIA;5525;338
CEARA;5525;798
DISTRITO FEDERAL;5525;32
ESPIRITO SANTO;5525;26
GOIAS;5525;65
MARANHAO;5525;183
MATO GROSSO;5525;592
MATO GROSSO DO SUL;5525;123
MINAS GERAIS;5525;1166
PARA;5525;16
PARAIBA;5525;113
PARANA;5525;348
PERNAMBUCO;5525;76
PIAUI;5525;82
RIO DE JANEIRO;5525;52
RIO GRANDE DO NORTE;5525;22
RIO GRANDE DO SUL;5525;209
RONDONIA;5525;17
RORAIMA;5525;20
SANTA CATARINA;5525;1560
SAO PAULO;5525;3038
SERGIPE;5525;17
TOCANTINS;5525;12
MINAS GERAIS;5533;1
PARANA;5533;1
SAO PAULO;5533;1
ACRE;5541;12
ALAGOAS;5541;59
AMAZONAS;5541;462
AMAPA;5541;37
BAHIA;5541;12104
CEARA;5541;4495
DISTRITO FEDERAL;5541;225
ESPIRITO SANTO;5541;167
GOIAS;5541;320
MARANHAO;5541;567
MATO GROSSO;5541;1489
MATO GROSSO DO SUL;5541;1827
MINAS GERAIS;5541;18774
PARA;5541;112
PARAIBA;5541;1981
PARANA;5541;10312
PERNAMBUCO;5541;947
PIAUI;5541;369
RIO DE JANEIRO;5541;414
RIO GRANDE DO NORTE;5541;207
RIO GRANDE DO SUL;5541;1112
RONDONIA;5541;68
RORAIMA;5541;52
SANTA CATARINA;5541;25671
SAO PAULO;5541;62562
SERGIPE;5541;168
TOCANTINS;5541;49
ACRE;5550;14
ALAGOAS;5550;70
AMAZONAS;5550;1598
AMAPA;5550;19
BAHIA;5550;4614
CEARA;5550;10248
DISTRITO FEDERAL;5550;197
ESPIRITO SANTO;5550;109
GOIAS;5550;181
MARANHAO;5550;1397
MATO GROSSO;5550;778
MATO GROSSO DO SUL;5550;1230
MINAS GERAIS;5550;7501
PARA;5550;263
PARAIBA;5550;4382
PARANA;5550;1872
PERNAMBUCO;5550;1524
PIAUI;5550;1318
RIO DE JANEIRO;5550;335
RIO GRANDE DO NORTE;5550;263
RIO GRANDE DO SUL;5550;892
RONDONIA;5550;54
RORAIMA;5550;9
SANTA CATARINA;5550;5542
SAO PAULO;5550;48405
SERGIPE;5550;102
TOCANTINS;5550;32
ACRE;5568;5
ALAGOAS;5568;14
AMAZONAS;5568;270
AMAPA;5568;17
BAHIA;5568;1685
CEARA;5568;819
DISTRITO FEDERAL;5568;78
ESPIRITO SANTO;5568;86
GOIAS;5568;196
MARANHAO;5568;126
MATO GROSSO;5568;567
MATO GROSSO DO SUL;5568;557
MINAS GERAIS;5568;5249
PARA;5568;76
PARAIBA;5568;715
PARANA;5568;1279
PERNAMBUCO;5568;283
PIAUI;5568;261
RIO DE JANEIRO;5568;188
RIO GRANDE DO NORTE;5568;80
RIO GRANDE DO SUL;5568;381
RONDONIA;5568;41
RORAIMA;5568;13
SANTA CATARINA;5568;3731
SAO PAULO;5568;14420
SERGIPE;5568;29
TOCANTINS;5568;8
ALAGOAS;5576;1
AMAZONAS;5576;3
BAHIA;5576;13
CEARA;5576;35
DISTRITO FEDERAL;5576;1
MARANHAO;5576;35
MATO GROSSO;5576;13
MATO GROSSO DO SUL;5576;2
MINAS GERAIS;5576;77
PARA;5576;1
PARAIBA;5576;11
PARANA;5576;8
PERNAMBUCO;5576;1
PIAUI;5576;1
RIO DE JANEIRO;5576;1
RIO GRANDE DO SUL;5576;2
RONDONIA;5576;1
RORAIMA;5576;1
SANTA CATARINA;5576;30
SAO PAULO;5576;100
AMAZONAS;5584;20
BAHIA;5584;10
CEARA;5584;4
DISTRITO FEDERAL;5584;1
MARANHAO;5584;8
MATO GROSSO;5584;5
MINAS GERAIS;5584;35
PARAIBA;5584;7
PARANA;5584;7
PERNAMBUCO;5584;1
PIAUI;5584;3
RIO DE JANEIRO;5584;2
RIO GRANDE DO SUL;5584;4
RONDONIA;5584;2
SANTA CATARINA;5584;10
SAO PAULO;5584;147
ALAGOAS;5592;4
AMAZONAS;5592;75
BAHIA;5592;437
CEARA;5592;108
DISTRITO FEDERAL;5592;16
ESPIRITO SANTO;5592;13
GOIAS;5592;12
MARANHAO;5592;70
MATO GROSSO;5592;59
MATO GROSSO DO SUL;5592;59
MINAS GERAIS;5592;540
PARA;5592;18
PARAIBA;5592;34
PARANA;5592;175
PERNAMBUCO;5592;11
PIAUI;5592;59
RIO DE JANEIRO;5592;36
RIO GRANDE DO NORTE;5592;4
RIO GRANDE DO SUL;5592;61
RONDONIA;5592;2
RORAIMA;5592;2
SANTA CATARINA;5592;97
SAO PAULO;5592;3323
SERGIPE;5592;5
TOCANTINS;5592;1
AMAPA;5606;1
BAHIA;5606;14
CEARA;5606;4
DISTRITO FEDERAL;5606;1
ESPIRITO SANTO;5606;3
MATO GROSSO;5606;7
MATO GROSSO DO SUL;5606;1
MINAS GERAIS;5606;29
PARAIBA;5606;4
PARANA;5606;4
PERNAMBUCO;5606;2
RIO GRANDE DO SUL;5606;2
SANTA CATARINA;5606;22
SAO PAULO;5606;40
TOCANTINS;5606;1
ACRE;5614;3
ALAGOAS;5614;6
AMAZONAS;5614;9
AMAPA;5614;1
BAHIA;5614;53
CEARA;5614;108
DISTRITO FEDERAL;5614;12
ESPIRITO SANTO;5614;16
GOIAS;5614;26
MARANHAO;5614;21
MATO GROSSO;5614;58
MATO GROSSO DO SUL;5614;32
MINAS GERAIS;5614;190
PARA;5614;7
PARAIBA;5614;23
PARANA;5614;123
PERNAMBUCO;5614;49
PIAUI;5614;33
RIO DE JANEIRO;5614;61
RIO GRANDE DO NORTE;5614;27
RIO GRANDE DO SUL;5614;112
RONDONIA;5614;6
RORAIMA;5614;4
SANTA CATARINA;5614;216
SAO PAULO;5614;247
SERGIPE;5614;6
TOCANTINS;5614;1
ALAGOAS;5622;4
AMAZONAS;5622;36
AMAPA;5622;1
BAHIA;5622;257
CEARA;5622;214
DISTRITO FEDERAL;5622;12
ESPIRITO SANTO;5622;9
GOIAS;5622;11
MARANHAO;5622;64
MATO GROSSO;5622;111
MATO GROSSO DO SUL;5622;58
MINAS GERAIS;5622;453
PARA;5622;6
PARAIBA;5622;110
PARANA;5622;158
PERNAMBUCO;5622;27
PIAUI;5622;91
RIO DE JANEIRO;5622;21
RIO GRANDE DO NORTE;5622;26
RIO GRANDE DO SUL;5622;97
RONDONIA;5622;9
RORAIMA;5622;7
SANTA CATARINA;5622;375
SAO PAULO;5622;2006
SERGIPE;5622;3
ACRE;5630;1
ALAGOAS;5630;1
AMAZONAS;5630;6
BAHIA;5630;28
CEARA;5630;44
DISTRITO FEDERAL;5630;5
ESPIRITO SANTO;5630;4
GOIAS;5630;2
MARANHAO;5630;4
MATO GROSSO;5630;6
MATO GROSSO DO SUL;5630;28
MINAS GERAIS;5630;129
PARAIBA;5630;2
PARANA;5630;30
PERNAMBUCO;5630;33
PIAUI;5630;11
RIO DE JANEIRO;5630;9
RIO GRANDE DO NORTE;5630;1
RIO GRANDE DO SUL;5630;23
RONDONIA;5630;2
SANTA CATARINA;5630;71
SAO PAULO;5630;1357
AMAZONAS;5649;1
BAHIA;5649;7
GOIAS;5649;1
MATO GROSSO;5649;1
MINAS GERAIS;5649;6
PERNAMBUCO;5649;1
PIAUI;5649;1
RIO DE JANEIRO;5649;1
RORAIMA;5649;1
SANTA CATARINA;5649;1
SAO PAULO;5649;22
AMAZONAS;5657;1
BAHIA;5657;4
CEARA;5657;11
DISTRITO FEDERAL;5657;1
ESPIRITO SANTO;5657;1
GOIAS;5657;1
MARANHAO;5657;8
MATO GROSSO;5657;10
MATO GROSSO DO SUL;5657;4
MINAS GERAIS;5657;71
PARA;5657;2
PARAIBA;5657;5
PARANA;5657;5
PERNAMBUCO;5657;2
PIAUI;5657;2
RIO DE JANEIRO;5657;1
RIO GRANDE DO NORTE;5657;1
RIO GRANDE DO SUL;5657;5
SANTA CATARINA;5657;45
SAO PAULO;5657;82
SERGIPE;5657;1
AMAZONAS;5665;15
AMAPA;5665;2
BAHIA;5665;85
CEARA;5665;48
DISTRITO FEDERAL;5665;22
ESPIRITO SANTO;5665;2
GOIAS;5665;12
MARANHAO;5665;177
MATO GROSSO;5665;83
MATO GROSSO DO SUL;5665;11
MINAS GERAIS;5665;531
PARA;5665;3
PARAIBA;5665;20
PARANA;5665;152
PERNAMBUCO;5665;20
PIAUI;5665;10
RIO DE JANEIRO;5665;48
RIO GRANDE DO NORTE;5665;3
RIO GRANDE DO SUL;5665;74
RONDONIA;5665;3
SANTA CATARINA;5665;271
SAO PAULO;5665;1164
TOCANTINS;5665;2
ACRE;5673;5
ALAGOAS;5673;61
AMAZONAS;5673;63
AMAPA;5673;11
BAHIA;5673;160
CEARA;5673;6826
DISTRITO FEDERAL;5673;60
ESPIRITO SANTO;5673;45
GOIAS;5673;52
MARANHAO;5673;109
MATO GROSSO;5673;192
MATO GROSSO DO SUL;5673;287
MINAS GERAIS;5673;1980
PARA;5673;93
PARAIBA;5673;664
PARANA;5673;1995
PERNAMBUCO;5673;573
PIAUI;5673;267
RIO DE JANEIRO;5673;112
RIO GRANDE DO NORTE;5673;170
RIO GRANDE DO SUL;5673;150
RONDONIA;5673;17
RORAIMA;5673;15
SANTA CATARINA;5673;4551
SAO PAULO;5673;11606
SERGIPE;5673;18
TOCANTINS;5673;17
ACRE;5681;1
ALAGOAS;5681;1
AMAZONAS;5681;6
AMAPA;5681;9
BAHIA;5681;46
CEARA;5681;16
DISTRITO FEDERAL;5681;2564
ESPIRITO SANTO;5681;3
GOIAS;5681;190
MARANHAO;5681;22
MATO GROSSO;5681;23
MATO GROSSO DO SUL;5681;33
MINAS GERAIS;5681;110
PARA;5681;1047
PARAIBA;5681;112
PARANA;5681;35
PERNAMBUCO;5681;21
PIAUI;5681;10
RIO DE JANEIRO;5681;17
RIO GRANDE DO NORTE;5681;3
RIO GRANDE DO SUL;5681;14
RONDONIA;5681;8
SANTA CATARINA;5681;59
SAO PAULO;5681;821
SERGIPE;5681;2
TOCANTINS;5681;6
BAHIA;5690;10
CEARA;5690;1
DISTRITO FEDERAL;5690;101
ESPIRITO SANTO;5690;1
GOIAS;5690;46
MATO GROSSO;5690;4
MATO GROSSO DO SUL;5690;4
MINAS GERAIS;5690;534
PARAIBA;5690;11
PARANA;5690;9
PERNAMBUCO;5690;13
PIAUI;5690;3
RIO DE JANEIRO;5690;5
RIO GRANDE DO NORTE;5690;1
RIO GRANDE DO SUL;5690;4
RONDONIA;5690;2
SANTA CATARINA;5690;11
SAO PAULO;5690;235
ACRE;5703;3
ALAGOAS;5703;7
AMAZONAS;5703;455
BAHIA;5703;210
CEARA;5703;70
DISTRITO FEDERAL;5703;79
ESPIRITO SANTO;5703;114
GOIAS;5703;493
MARANHAO;5703;15
MATO GROSSO;5703;136
MATO GROSSO DO SUL;5703;227
MINAS GERAIS;5703;998
PARA;5703;29
PARAIBA;5703;11
PARANA;5703;1550
PERNAMBUCO;5703;65
PIAUI;5703;8
RIO DE JANEIRO;5703;267
RIO GRANDE DO NORTE;5703;33
RIO GRANDE DO SUL;5703;535
RONDONIA;5703;34
RORAIMA;5703;4
SANTA CATARINA;5703;2390
SAO PAULO;5703;11466
SERGIPE;5703;14
TOCANTINS;5703;28
ACRE;5711;4
ALAGOAS;5711;14
AMAZONAS;5711;11
BAHIA;5711;111
CEARA;5711;53
DISTRITO FEDERAL;5711;58
ESPIRITO SANTO;5711;111
GOIAS;5711;205
MARANHAO;5711;10
MATO GROSSO;5711;81
MATO GROSSO DO SUL;5711;116
MINAS GERAIS;5711;585
PARA;5711;26
PARAIBA;5711;67
PARANA;5711;1045
PERNAMBUCO;5711;377
PIAUI;5711;4
RIO DE JANEIRO;5711;143
RIO GRANDE DO NORTE;5711;21
RIO GRANDE DO SUL;5711;589
RONDONIA;5711;26
RORAIMA;5711;3
SANTA CATARINA;5711;1330
SAO PAULO;5711;3133
SERGIPE;5711;18
TOCANTINS;5711;13
ACRE;5720;8
ALAGOAS;5720;11
AMAZONAS;5720;66
AMAPA;5720;2
BAHIA;5720;280
CEARA;5720;633
DISTRITO FEDERAL;5720;21
ESPIRITO SANTO;5720;57
GOIAS;5720;41
MARANHAO;5720;263
MATO GROSSO;5720;146
MATO GROSSO DO SUL;5720;58
MINAS GERAIS;5720;499
PARA;5720;127
PARAIBA;5720;144
PARANA;5720;263
PERNAMBUCO;5720;152
PIAUI;5720;167
RIO DE JANEIRO;5720;73
RIO GRANDE DO NORTE;5720;42
RIO GRANDE DO SUL;5720;147
RONDONIA;5720;59
RORAIMA;5720;21
SANTA CATARINA;5720;629
SAO PAULO;5720;1369
SERGIPE;5720;24
TOCANTINS;5720;20
ACRE;5738;10
ALAGOAS;5738;20
AMAZONAS;5738;258
AMAPA;5738;12
BAHIA;5738;1386
CEARA;5738;6473
DISTRITO FEDERAL;5738;91
ESPIRITO SANTO;5738;69
GOIAS;5738;104
MARANHAO;5738;1443
MATO GROSSO;5738;823
MATO GROSSO DO SUL;5738;181
MINAS GERAIS;5738;2346
PARA;5738;76
PARAIBA;5738;949
PARANA;5738;568
PERNAMBUCO;5738;332
PIAUI;5738;480
RIO DE JANEIRO;5738;143
RIO GRANDE DO NORTE;5738;107
RIO GRANDE DO SUL;5738;297
RONDONIA;5738;61
RORAIMA;5738;40
SANTA CATARINA;5738;1309
SAO PAULO;5738;7495
SERGIPE;5738;91
TOCANTINS;5738;21
ACRE;5746;28
ALAGOAS;5746;171
AMAZONAS;5746;74
AMAPA;5746;9
BAHIA;5746;3839
CEARA;5746;4264
DISTRITO FEDERAL;5746;494
ESPIRITO SANTO;5746;831
GOIAS;5746;918
MARANHAO;5746;326
MATO GROSSO;5746;623
MATO GROSSO DO SUL;5746;522
MINAS GERAIS;5746;10330
PARA;5746;310
PARAIBA;5746;311
PARANA;5746;3883
PERNAMBUCO;5746;930
PIAUI;5746;270
RIO DE JANEIRO;5746;2244
RIO GRANDE DO NORTE;5746;650
RIO GRANDE DO SUL;5746;1259
RONDONIA;5746;99
RORAIMA;5746;11
SANTA CATARINA;5746;3493
SAO PAULO;5746;158206
SERGIPE;5746;195
TOCANTINS;5746;191
BAHIA;5762;2
CEARA;5762;7
DISTRITO FEDERAL;5762;3
GOIAS;5762;1
MARANHAO;5762;1
MATO GROSSO;5762;2
MATO GROSSO DO SUL;5762;1
MINAS GERAIS;5762;2
PARAIBA;5762;1
PARANA;5762;10
PERNAMBUCO;5762;2
RIO DE JANEIRO;5762;2
RIO GRANDE DO SUL;5762;2
SANTA CATARINA;5762;31
SAO PAULO;5762;24
ACRE;5770;1
ALAGOAS;5770;2
AMAZONAS;5770;10
AMAPA;5770;1
BAHIA;5770;34
CEARA;5770;44
DISTRITO FEDERAL;5770;17
ESPIRITO SANTO;5770;11
GOIAS;5770;24
MARANHAO;5770;4
MATO GROSSO;5770;24
MATO GROSSO DO SUL;5770;6
MINAS GERAIS;5770;55
PARA;5770;3
PARAIBA;5770;22
PARANA;5770;55
PERNAMBUCO;5770;64
PIAUI;5770;6
RIO DE JANEIRO;5770;70
RIO GRANDE DO NORTE;5770;6
RIO GRANDE DO SUL;5770;42
RONDONIA;5770;4
RORAIMA;5770;7
SANTA CATARINA;5770;88
SAO PAULO;5770;138
SERGIPE;5770;8
BAHIA;5789;6
CEARA;5789;1
ESPIRITO SANTO;5789;3
GOIAS;5789;1
MARANHAO;5789;2
MINAS GERAIS;5789;3
PARA;5789;1
PARAIBA;5789;1
PARANA;5789;1
RIO DE JANEIRO;5789;3
RIO GRANDE DO SUL;5789;2
SANTA CATARINA;5789;5
SAO PAULO;5789;7
SERGIPE;5789;1
ACRE;5797;1
ALAGOAS;5797;3
AMAZONAS;5797;7
AMAPA;5797;1
BAHIA;5797;64
CEARA;5797;90
DISTRITO FEDERAL;5797;25
ESPIRITO SANTO;5797;25
GOIAS;5797;33
MARANHAO;5797;11
MATO GROSSO;5797;86
MATO GROSSO DO SUL;5797;19
MINAS GERAIS;5797;139
PARA;5797;16
PARAIBA;5797;11
PARANA;5797;54
PERNAMBUCO;5797;88
PIAUI;5797;10
RIO DE JANEIRO;5797;24
RIO GRANDE DO NORTE;5797;7
RIO GRANDE DO SUL;5797;53
RONDONIA;5797;16
RORAIMA;5797;1
SANTA CATARINA;5797;259
SAO PAULO;5797;188
SERGIPE;5797;9
TOCANTINS;5797;4
ACRE;5800;1
ALAGOAS;5800;9
AMAZONAS;5800;4
AMAPA;5800;1
BAHIA;5800;32
CEARA;5800;22
DISTRITO FEDERAL;5800;29
ESPIRITO SANTO;5800;20
GOIAS;5800;177
MARANHAO;5800;8
MATO GROSSO;5800;26
MATO GROSSO DO SUL;5800;39
MINAS GERAIS;5800;341
PARA;5800;6
PARAIBA;5800;156
PARANA;5800;136
PERNAMBUCO;5800;33
PIAUI;5800;5
RIO DE JANEIRO;5800;81
RIO GRANDE DO NORTE;5800;4
RIO GRANDE DO SUL;5800;110
RONDONIA;5800;12
RORAIMA;5800;1
SANTA CATARINA;5800;1157
SAO PAULO;5800;5474
SERGIPE;5800;6
TOCANTINS;5800;5
ACRE;5819;16
ALAGOAS;5819;24
AMAZONAS;5819;316
AMAPA;5819;15
BAHIA;5819;2770
CEARA;5819;3335
DISTRITO FEDERAL;5819;929
ESPIRITO SANTO;5819;125
GOIAS;5819;325
MARANHAO;5819;434
MATO GROSSO;5819;340
MATO GROSSO DO SUL;5819;176
MINAS GERAIS;5819;1546
PARA;5819;207
PARAIBA;5819;417
PARANA;5819;913
PERNAMBUCO;5819;815
PIAUI;5819;274
RIO DE JANEIRO;5819;1936
RIO GRANDE DO NORTE;5819;249
RIO GRANDE DO SUL;5819;439
RONDONIA;5819;66
RORAIMA;5819;49
SANTA CATARINA;5819;2004
SAO PAULO;5819;7471
SERGIPE;5819;42
TOCANTINS;5819;15
ACRE;5827;1
AMAZONAS;5827;6
AMAPA;5827;1
BAHIA;5827;66
CEARA;5827;43
DISTRITO FEDERAL;5827;5
ESPIRITO SANTO;5827;4
GOIAS;5827;6
MARANHAO;5827;4
MATO GROSSO;5827;2
MATO GROSSO DO SUL;5827;4
MINAS GERAIS;5827;78
PARA;5827;2
PARAIBA;5827;12
PARANA;5827;32
PERNAMBUCO;5827;13
PIAUI;5827;9
RIO DE JANEIRO;5827;44
RIO GRANDE DO NORTE;5827;4
RIO GRANDE DO SUL;5827;19
RONDONIA;5827;2
SANTA CATARINA;5827;33
SAO PAULO;5827;392
SERGIPE;5827;2
TOCANTINS;5827;1
ACRE;5835;35
ALAGOAS;5835;96
AMAZONAS;5835;158
AMAPA;5835;21
BAHIA;5835;821
CEARA;5835;2268
DISTRITO FEDERAL;5835;158
ESPIRITO SANTO;5835;285
GOIAS;5835;268
MARANHAO;5835;466
MATO GROSSO;5835;397
MATO GROSSO DO SUL;5835;537
MINAS GERAIS;5835;1167
PARA;5835;142
PARAIBA;5835;677
PARANA;5835;495
PERNAMBUCO;5835;476
PIAUI;5835;186
RIO DE JANEIRO;5835;758
RIO GRANDE DO NORTE;5835;202
RIO GRANDE DO SUL;5835;407
RONDONIA;5835;217
RORAIMA;5835;47
SANTA CATARINA;5835;1518
SAO PAULO;5835;1471
SERGIPE;5835;133
TOCANTINS;5835;45
ACRE;5843;1
ALAGOAS;5843;8
AMAZONAS;5843;107
BAHIA;5843;344
CEARA;5843;162
DISTRITO FEDERAL;5843;169
ESPIRITO SANTO;5843;32
GOIAS;5843;248
MARANHAO;5843;12
MATO GROSSO;5843;168
MATO GROSSO DO SUL;5843;121
MINAS GERAIS;5843;742
PARA;5843;17
PARAIBA;5843;37
PARANA;5843;261
PERNAMBUCO;5843;61
PIAUI;5843;28
RIO DE JANEIRO;5843;182
RIO GRANDE DO NORTE;5843;9
RIO GRANDE DO SUL;5843;185
RONDONIA;5843;8
RORAIMA;5843;4
SANTA CATARINA;5843;638
SAO PAULO;5843;8765
SERGIPE;5843;29
TOCANTINS;5843;3
ACRE;5851;2
ALAGOAS;5851;1
AMAZONAS;5851;86
AMAPA;5851;1
BAHIA;5851;19
CEARA;5851;119
DISTRITO FEDERAL;5851;11
ESPIRITO SANTO;5851;4
GOIAS;5851;8
MARANHAO;5851;2
MATO GROSSO;5851;6
MATO GROSSO DO SUL;5851;11
MINAS GERAIS;5851;104
PARA;5851;6
PARAIBA;5851;14
PARANA;5851;146
PERNAMBUCO;5851;44
PIAUI;5851;6
RIO DE JANEIRO;5851;19
RIO GRANDE DO NORTE;5851;143
RIO GRANDE DO SUL;5851;26
RONDONIA;5851;7
RORAIMA;5851;3
SANTA CATARINA;5851;53
SAO PAULO;5851;1728
ACRE;5860;1
ALAGOAS;5860;5
AMAZONAS;5860;1
BAHIA;5860;9
CEARA;5860;36
DISTRITO FEDERAL;5860;7
ESPIRITO SANTO;5860;15
GOIAS;5860;5
MARANHAO;5860;6
MATO GROSSO;5860;6
MATO GROSSO DO SUL;5860;1
MINAS GERAIS;5860;44
PARA;5860;10
PARAIBA;5860;10
PARANA;5860;25
PERNAMBUCO;5860;109
RIO DE JANEIRO;5860;97
RIO GRANDE DO NORTE;5860;11
RIO GRANDE DO SUL;5860;19
RONDONIA;5860;1
SANTA CATARINA;5860;25
SAO PAULO;5860;160
SERGIPE;5860;8
ACRE;5878;1
ALAGOAS;5878;2
AMAZONAS;5878;2
BAHIA;5878;22
CEARA;5878;56
DISTRITO FEDERAL;5878;22
ESPIRITO SANTO;5878;6
GOIAS;5878;26
MARANHAO;5878;9
MATO GROSSO;5878;31
MATO GROSSO DO SUL;5878;18
MINAS GERAIS;5878;173
PARA;5878;4
PARAIBA;5878;14
PARANA;5878;87
PERNAMBUCO;5878;12
PIAUI;5878;1
RIO DE JANEIRO;5878;59
RIO GRANDE DO NORTE;5878;3
RIO GRANDE DO SUL;5878;43
RONDONIA;5878;2
RORAIMA;5878;5
SANTA CATARINA;5878;214
SAO PAULO;5878;776
SERGIPE;5878;6
TOCANTINS;5878;2
ACRE;5886;1
BAHIA;5886;1
MATO GROSSO;5886;1
MINAS GERAIS;5886;1
SAO PAULO;5886;1
MINAS GERAIS;5894;4
PARAIBA;5894;2
PARANA;5894;1
RIO GRANDE DO SUL;5894;1
SANTA CATARINA;5894;10
SAO PAULO;5894;7
ALAGOAS;5908;6
AMAZONAS;5908;5
BAHIA;5908;66
CEARA;5908;68
DISTRITO FEDERAL;5908;72
ESPIRITO SANTO;5908;38
GOIAS;5908;31
MARANHAO;5908;74
MATO GROSSO;5908;17
MATO GROSSO DO SUL;5908;21
MINAS GERAIS;5908;142
PARA;5908;148
PARAIBA;5908;34
PARANA;5908;59
PERNAMBUCO;5908;103
PIAUI;5908;36
RIO DE JANEIRO;5908;941
RIO GRANDE DO NORTE;5908;33
RIO GRANDE DO SUL;5908;79
RONDONIA;5908;13
RORAIMA;5908;2
SANTA CATARINA;5908;159
SAO PAULO;5908;333
SERGIPE;5908;19
TOCANTINS;5908;5
ALAGOAS;5916;1
BAHIA;5916;3
CEARA;5916;5
ESPIRITO SANTO;5916;1
GOIAS;5916;1
MARANHAO;5916;4
MATO GROSSO;5916;5
MATO GROSSO DO SUL;5916;1
MINAS GERAIS;5916;18
PARANA;5916;32
PERNAMBUCO;5916;2
PIAUI;5916;1
RIO DE JANEIRO;5916;1
RIO GRANDE DO SUL;5916;5
RONDONIA;5916;1
SANTA CATARINA;5916;26
SAO PAULO;5916;13
ACRE;5924;1
ALAGOAS;5924;3
AMAZONAS;5924;1
BAHIA;5924;11
CEARA;5924;35
DISTRITO FEDERAL;5924;7
ESPIRITO SANTO;5924;5
GOIAS;5924;6
MARANHAO;5924;1
MATO GROSSO;5924;23
MATO GROSSO DO SUL;5924;5
MINAS GERAIS;5924;24
PARA;5924;3
PARAIBA;5924;7
PARANA;5924;16
PERNAMBUCO;5924;9
RIO DE JANEIRO;5924;2
RIO GRANDE DO NORTE;5924;2
RIO GRANDE DO SUL;5924;18
RONDONIA;5924;7
SANTA CATARINA;5924;40
SAO PAULO;5924;64
SERGIPE;5924;2
CEARA;5932;4
DISTRITO FEDERAL;5932;1
GOIAS;5932;1
MARANHAO;5932;1
MINAS GERAIS;5932;5
PARAIBA;5932;1
PARANA;5932;5
PERNAMBUCO;5932;3
RIO DE JANEIRO;5932;1
RIO GRANDE DO SUL;5932;2
SANTA CATARINA;5932;38
SAO PAULO;5932;52
ALAGOAS;5940;2
AMAZONAS;5940;1
BAHIA;5940;28
CEARA;5940;40
DISTRITO FEDERAL;5940;9
ESPIRITO SANTO;5940;10
GOIAS;5940;13
MARANHAO;5940;3
MATO GROSSO;5940;42
MATO GROSSO DO SUL;5940;7
MINAS GERAIS;5940;49
PARA;5940;2
PARAIBA;5940;10
PARANA;5940;12
PERNAMBUCO;5940;24
PIAUI;5940;2
RIO DE JANEIRO;5940;11
RIO GRANDE DO NORTE;5940;4
RIO GRANDE DO SUL;5940;25
RONDONIA;5940;2
RORAIMA;5940;3
SANTA CATARINA;5940;39
SAO PAULO;5940;57
SERGIPE;5940;17
TOCANTINS;5940;4
ACRE;5959;3
ALAGOAS;5959;1
AMAZONAS;5959;8
AMAPA;5959;1
BAHIA;5959;14
CEARA;5959;28
DISTRITO FEDERAL;5959;3
ESPIRITO SANTO;5959;4
GOIAS;5959;9
MARANHAO;5959;7
MATO GROSSO;5959;24
MATO GROSSO DO SUL;5959;20
MINAS GERAIS;5959;94
PARA;5959;23
PARAIBA;5959;5
PARANA;5959;18
PERNAMBUCO;5959;16
PIAUI;5959;8
RIO DE JANEIRO;5959;6
RIO GRANDE DO NORTE;5959;2
RIO GRANDE DO SUL;5959;13
RONDONIA;5959;26
RORAIMA;5959;6
SANTA CATARINA;5959;50
SAO PAULO;5959;122
TOCANTINS;5959;3
ACRE;5967;82
ALAGOAS;5967;258
AMAZONAS;5967;156
AMAPA;5967;20
BAHIA;5967;3332
CEARA;5967;2441
DISTRITO FEDERAL;5967;843
ESPIRITO SANTO;5967;1149
GOIAS;5967;1049
MARANHAO;5967;439
MATO GROSSO;5967;1086
MATO GROSSO DO SUL;5967;791
MINAS GERAIS;5967;4328
PARA;5967;755
PARAIBA;5967;398
PARANA;5967;2415
PERNAMBUCO;5967;884
PIAUI;5967;611
RIO DE JANEIRO;5967;1585
RIO GRANDE DO NORTE;5967;481
RIO GRANDE DO SUL;5967;1773
RONDONIA;5967;677
RORAIMA;5967;84
SANTA CATARINA;5967;3704
SAO PAULO;5967;7943
SERGIPE;5967;318
TOCANTINS;5967;266
ACRE;5975;1
ALAGOAS;5975;28
AMAZONAS;5975;4
AMAPA;5975;1
BAHIA;5975;72
CEARA;5975;95
DISTRITO FEDERAL;5975;16
ESPIRITO SANTO;5975;28
GOIAS;5975;24
MARANHAO;5975;12
MATO GROSSO;5975;27
MATO GROSSO DO SUL;5975;18
MINAS GERAIS;5975;115
PARA;5975;43
PARAIBA;5975;28
PARANA;5975;112
PERNAMBUCO;5975;122
PIAUI;5975;18
RIO DE JANEIRO;5975;82
RIO GRANDE DO NORTE;5975;25
RIO GRANDE DO SUL;5975;100
RONDONIA;5975;12
RORAIMA;5975;1
SANTA CATARINA;5975;479
SAO PAULO;5975;416
SERGIPE;5975;12
CEARA;5983;1
MATO GROSSO;5983;1
MINAS GERAIS;5983;1
PARAIBA;5983;1
PARANA;5983;1
SANTA CATARINA;5983;2
SAO PAULO;5983;3
ACRE;5991;4
ALAGOAS;5991;16
AMAZONAS;5991;219
AMAPA;5991;5
BAHIA;5991;125
CEARA;5991;1573
DISTRITO FEDERAL;5991;53
ESPIRITO SANTO;5991;16
GOIAS;5991;30
MARANHAO;5991;191
MATO GROSSO;5991;136
MATO GROSSO DO SUL;5991;107
MINAS GERAIS;5991;650
PARA;5991;16
PARAIBA;5991;68
PARANA;5991;160
PERNAMBUCO;5991;92
PIAUI;5991;137
RIO DE JANEIRO;5991;51
RIO GRANDE DO NORTE;5991;28
RIO GRANDE DO SUL;5991;142
RONDONIA;5991;11
RORAIMA;5991;8
SANTA CATARINA;5991;227
SAO PAULO;5991;2234
SERGIPE;5991;11
TOCANTINS;5991;1
ALAGOAS;6009;2
AMAZONAS;6009;2
BAHIA;6009;14
CEARA;6009;29
DISTRITO FEDERAL;6009;2
MATO GROSSO;6009;2
MINAS GERAIS;6009;14
PARAIBA;6009;3
PARANA;6009;4
PERNAMBUCO;6009;3
PIAUI;6009;1
RIO DE JANEIRO;6009;2
RIO GRANDE DO NORTE;6009;1
SANTA CATARINA;6009;9
SAO PAULO;6009;48
SERGIPE;6009;1
ACRE;6017;7
ALAGOAS;6017;8
AMAZONAS;6017;362
AMAPA;6017;5
BAHIA;6017;77
CEARA;6017;1679
DISTRITO FEDERAL;6017;37
ESPIRITO SANTO;6017;2
GOIAS;6017;35
MARANHAO;6017;194
MATO GROSSO;6017;104
MATO GROSSO DO SUL;6017;14
MINAS GERAIS;6017;201
PARA;6017;19
PARAIBA;6017;116
PARANA;6017;46
PERNAMBUCO;6017;109
PIAUI;6017;177
RIO DE JANEIRO;6017;15
RIO GRANDE DO NORTE;6017;20
RIO GRANDE DO SUL;6017;25
RONDONIA;6017;20
RORAIMA;6017;6
SANTA CATARINA;6017;128
SAO PAULO;6017;442
SERGIPE;6017;23
TOCANTINS;6017;2
ALAGOAS;6025;3
AMAZONAS;6025;8
AMAPA;6025;1
BAHIA;6025;23
CEARA;6025;21
DISTRITO FEDERAL;6025;5
ESPIRITO SANTO;6025;3
GOIAS;6025;6
MARANHAO;6025;3
MATO GROSSO;6025;19
MATO GROSSO DO SUL;6025;5
MINAS GERAIS;6025;31
PARA;6025;7
PARAIBA;6025;2
PARANA;6025;41
PERNAMBUCO;6025;9
PIAUI;6025;24
RIO DE JANEIRO;6025;3
RIO GRANDE DO NORTE;6025;1
RIO GRANDE DO SUL;6025;6
RONDONIA;6025;1
SANTA CATARINA;6025;19
SAO PAULO;6025;170
SERGIPE;6025;1
AMAZONAS;6033;29
AMAPA;6033;48
BAHIA;6033;61
CEARA;6033;10
DISTRITO FEDERAL;6033;3
GOIAS;6033;8
MARANHAO;6033;3
MATO GROSSO;6033;1
MATO GROSSO DO SUL;6033;3
MINAS GERAIS;6033;31
PARA;6033;7
PARAIBA;6033;6
PARANA;6033;12
PERNAMBUCO;6033;23
PIAUI;6033;2
RIO DE JANEIRO;6033;13
RIO GRANDE DO NORTE;6033;2
RIO GRANDE DO SUL;6033;36
RONDONIA;6033;1
SANTA CATARINA;6033;20
SAO PAULO;6033;63
SERGIPE;6033;2
ACRE;6041;6
ALAGOAS;6041;23
AMAZONAS;6041;635
AMAPA;6041;9
BAHIA;6041;855
CEARA;6041;1764
DISTRITO FEDERAL;6041;79
ESPIRITO SANTO;6041;64
GOIAS;6041;182
MARANHAO;6041;110
MATO GROSSO;6041;446
MATO GROSSO DO SUL;6041;9145
MINAS GERAIS;6041;2028
PARA;6041;70
PARAIBA;6041;258
PARANA;6041;1125
PERNAMBUCO;6041;433
PIAUI;6041;333
RIO DE JANEIRO;6041;129
RIO GRANDE DO NORTE;6041;72
RIO GRANDE DO SUL;6041;513
RONDONIA;6041;64
RORAIMA;6041;16
SANTA CATARINA;6041;1755
SAO PAULO;6041;17529
SERGIPE;6041;26
TOCANTINS;6041;18
ACRE;6050;48
ALAGOAS;6050;157
AMAZONAS;6050;1749
AMAPA;6050;38
BAHIA;6050;6324
CEARA;6050;30196
DISTRITO FEDERAL;6050;660
ESPIRITO SANTO;6050;298
GOIAS;6050;638
MARANHAO;6050;1423
MATO GROSSO;6050;2452
MATO GROSSO DO SUL;6050;8358
MINAS GERAIS;6050;23996
PARA;6050;1737
PARAIBA;6050;2383
PARANA;6050;21925
PERNAMBUCO;6050;1778
PIAUI;6050;1656
RIO DE JANEIRO;6050;706
RIO GRANDE DO NORTE;6050;517
RIO GRANDE DO SUL;6050;1965
RONDONIA;6050;363
RORAIMA;6050;269
SANTA CATARINA;6050;24781
SAO PAULO;6050;116592
SERGIPE;6050;171
TOCANTINS;6050;104
ACRE;6068;16
ALAGOAS;6068;9
AMAZONAS;6068;73
AMAPA;6068;9
BAHIA;6068;606
CEARA;6068;1026
DISTRITO FEDERAL;6068;184
ESPIRITO SANTO;6068;292
GOIAS;6068;1063
MARANHAO;6068;379
MATO GROSSO;6068;752
MATO GROSSO DO SUL;6068;390
MINAS GERAIS;6068;2084
PARA;6068;117
PARAIBA;6068;220
PARANA;6068;2246
PERNAMBUCO;6068;118
PIAUI;6068;109
RIO DE JANEIRO;6068;525
RIO GRANDE DO NORTE;6068;26
RIO GRANDE DO SUL;6068;606
RONDONIA;6068;116
RORAIMA;6068;15
SANTA CATARINA;6068;1445
SAO PAULO;6068;9085
SERGIPE;6068;32
TOCANTINS;6068;64
ACRE;6076;4
ALAGOAS;6076;1
AMAZONAS;6076;67
AMAPA;6076;1
BAHIA;6076;49
CEARA;6076;308
DISTRITO FEDERAL;6076;10
ESPIRITO SANTO;6076;4
GOIAS;6076;17
MARANHAO;6076;32
MATO GROSSO;6076;29
MATO GROSSO DO SUL;6076;31
MINAS GERAIS;6076;62
PARA;6076;8
PARAIBA;6076;46
PARANA;6076;33
PERNAMBUCO;6076;59
PIAUI;6076;13
RIO DE JANEIRO;6076;14
RIO GRANDE DO NORTE;6076;3
RIO GRANDE DO SUL;6076;20
RONDONIA;6076;4
RORAIMA;6076;1
SANTA CATARINA;6076;97
SAO PAULO;6076;196
SERGIPE;6076;5
TOCANTINS;6076;2
AMAZONAS;6084;74
AMAPA;6084;1
BAHIA;6084;44
CEARA;6084;24
DISTRITO FEDERAL;6084;3
ESPIRITO SANTO;6084;68
GOIAS;6084;8
MARANHAO;6084;28
MATO GROSSO;6084;24
MATO GROSSO DO SUL;6084;4
MINAS GERAIS;6084;85
PARA;6084;3
PARAIBA;6084;88
PARANA;6084;25
PERNAMBUCO;6084;47
PIAUI;6084;31
RIO DE JANEIRO;6084;133
RIO GRANDE DO NORTE;6084;5
RIO GRANDE DO SUL;6084;12
RONDONIA;6084;12
RORAIMA;6084;2
SANTA CATARINA;6084;93
SAO PAULO;6084;169
TOCANTINS;6084;1
PERNAMBUCO;6106;1
SAO PAULO;6106;2
SANTA CATARINA;6114;1
ALAGOAS;6122;4
AMAZONAS;6122;32
BAHIA;6122;120
CEARA;6122;256
DISTRITO FEDERAL;6122;59
ESPIRITO SANTO;6122;8
GOIAS;6122;12
MARANHAO;6122;116
MATO GROSSO;6122;90
MATO GROSSO DO SUL;6122;23
MINAS GERAIS;6122;243
PARA;6122;2
PARAIBA;6122;192
PARANA;6122;347
PERNAMBUCO;6122;45
PIAUI;6122;68
RIO DE JANEIRO;6122;25
RIO GRANDE DO NORTE;6122;21
RIO GRANDE DO SUL;6122;125
RONDONIA;6122;8
RORAIMA;6122;35
SANTA CATARINA;6122;883
SAO PAULO;6122;1336
SERGIPE;6122;6
TOCANTINS;6122;2
AMAZONAS;6130;5
BAHIA;6130;20
CEARA;6130;24
DISTRITO FEDERAL;6130;4
ESPIRITO SANTO;6130;1
MARANHAO;6130;1
MATO GROSSO;6130;3
MATO GROSSO DO SUL;6130;1
MINAS GERAIS;6130;21
PARAIBA;6130;1
PARANA;6130;25
PERNAMBUCO;6130;5
PIAUI;6130;6
RIO DE JANEIRO;6130;2
RIO GRANDE DO NORTE;6130;2
RIO GRANDE DO SUL;6130;7
RONDONIA;6130;2
RORAIMA;6130;27
SANTA CATARINA;6130;130
SAO PAULO;6130;169
BAHIA;6149;2
CEARA;6149;1
ESPIRITO SANTO;6149;1
MATO GROSSO;6149;1
MINAS GERAIS;6149;3
PARAIBA;6149;6
PARANA;6149;2
RIO DE JANEIRO;6149;1
RIO GRANDE DO SUL;6149;1
SANTA CATARINA;6149;9
SAO PAULO;6149;16
ALAGOAS;6157;1
AMAZONAS;6157;2
BAHIA;6157;4
CEARA;6157;5
MARANHAO;6157;6
MATO GROSSO;6157;1
MINAS GERAIS;6157;10
PARAIBA;6157;1
PARANA;6157;6
RIO GRANDE DO SUL;6157;2
SANTA CATARINA;6157;11
SAO PAULO;6157;17
BAHIA;6165;2
CEARA;6165;1
MATO GROSSO;6165;1
MINAS GERAIS;6165;6
PARAIBA;6165;1
PARANA;6165;4
RIO GRANDE DO SUL;6165;1
SANTA CATARINA;6165;5
SAO PAULO;6165;100
ALAGOAS;6173;1
AMAZONAS;6173;3
BAHIA;6173;10
CEARA;6173;43
DISTRITO FEDERAL;6173;2
ESPIRITO SANTO;6173;3
GOIAS;6173;5
MARANHAO;6173;6
MATO GROSSO;6173;18
MATO GROSSO DO SUL;6173;4
MINAS GERAIS;6173;28
PARA;6173;3
PARAIBA;6173;13
PARANA;6173;7
PERNAMBUCO;6173;3
PIAUI;6173;5
RIO DE JANEIRO;6173;1
RIO GRANDE DO NORTE;6173;4
RIO GRANDE DO SUL;6173;10
RONDONIA;6173;1
SANTA CATARINA;6173;51
SAO PAULO;6173;33
SERGIPE;6173;3
AMAZONAS;6181;7
BAHIA;6181;14
CEARA;6181;31
DISTRITO FEDERAL;6181;2
ESPIRITO SANTO;6181;4
GOIAS;6181;3
MATO GROSSO;6181;16
MATO GROSSO DO SUL;6181;6
MINAS GERAIS;6181;51
PARAIBA;6181;4
PARANA;6181;39
PERNAMBUCO;6181;2
RIO DE JANEIRO;6181;2
RIO GRANDE DO SUL;6181;11
RONDONIA;6181;1
SANTA CATARINA;6181;38
SAO PAULO;6181;135
SERGIPE;6181;2
AMAZONAS;6190;5
BAHIA;6190;2
CEARA;6190;2
DISTRITO FEDERAL;6190;2
ESPIRITO SANTO;6190;3
GOIAS;6190;8
MATO GROSSO;6190;3
MATO GROSSO DO SUL;6190;2
MINAS GERAIS;6190;10
PARA;6190;3
PARANA;6190;8
PERNAMBUCO;6190;4
RIO DE JANEIRO;6190;4
RIO GRANDE DO NORTE;6190;2
RIO GRANDE DO SUL;6190;8
SANTA CATARINA;6190;7
SAO PAULO;6190;82
TOCANTINS;6190;2
AMAZONAS;6203;1
CEARA;6203;1
MARANHAO;6203;2
MINAS GERAIS;6203;2
RIO GRANDE DO SUL;6203;1
SANTA CATARINA;6203;1
SAO PAULO;6203;1
PARAIBA;6211;2
CEARA;6254;1
BAHIA;6262;2
CEARA;6262;5
MATO GROSSO DO SUL;6262;1
MINAS GERAIS;6262;2
PARANA;6262;2
PERNAMBUCO;6262;1
PIAUI;6262;1
RIO GRANDE DO NORTE;6262;1
RIO GRANDE DO SUL;6262;2
SANTA CATARINA;6262;6
SAO PAULO;6262;12
SERGIPE;6262;1
ACRE;6270;1
ALAGOAS;6270;7
AMAZONAS;6270;8
BAHIA;6270;29
CEARA;6270;259
DISTRITO FEDERAL;6270;24
ESPIRITO SANTO;6270;12
GOIAS;6270;50
MARANHAO;6270;6
MATO GROSSO;6270;14
MATO GROSSO DO SUL;6270;29
MINAS GERAIS;6270;366
PARA;6270;4
PARAIBA;6270;31
PARANA;6270;145
PERNAMBUCO;6270;52
PIAUI;6270;13
RIO DE JANEIRO;6270;105
RIO GRANDE DO NORTE;6270;10
RIO GRANDE DO SUL;6270;56
RONDONIA;6270;7
RORAIMA;6270;2
SANTA CATARINA;6270;248
SAO PAULO;6270;431
SERGIPE;6270;1
TOCANTINS;6270;2
CEARA;6289;7
MINAS GERAIS;6289;1
PARANA;6289;1
PERNAMBUCO;6289;3
PIAUI;6289;1
SANTA CATARINA;6289;11
SAO PAULO;6289;9
BAHIA;6297;1
ESPIRITO SANTO;6297;1
MARANHAO;6297;1
MINAS GERAIS;6297;7
PARA;6297;1
PERNAMBUCO;6297;1
RIO GRANDE DO NORTE;6297;1
RIO GRANDE DO SUL;6297;1
RONDONIA;6297;1
RORAIMA;6297;1
SANTA CATARINA;6297;3
SAO PAULO;6297;8
PARANA;6300;4
RIO GRANDE DO SUL;6300;2
SANTA CATARINA;6300;2
CEARA;6319;2
GOIAS;6319;2
MATO GROSSO;6319;2
MINAS GERAIS;6319;8
PARAIBA;6319;1
PARANA;6319;5
PERNAMBUCO;6319;1
RIO DE JANEIRO;6319;1
RIO GRANDE DO SUL;6319;3
SANTA CATARINA;6319;38
SAO PAULO;6319;82
ESPIRITO SANTO;6327;1
GOIAS;6327;1
MATO GROSSO;6327;2
MATO GROSSO DO SUL;6327;1
MINAS GERAIS;6327;3
PARANA;6327;3
RIO DE JANEIRO;6327;1
RIO GRANDE DO SUL;6327;2
RONDONIA;6327;1
SANTA CATARINA;6327;5
SAO PAULO;6327;7
BAHIA;6335;1
CEARA;6335;1
PARANA;6335;2
RIO GRANDE DO SUL;6335;4
SANTA CATARINA;6335;5
SAO PAULO;6335;12
CEARA;6343;1
MINAS GERAIS;6343;1
ESPIRITO SANTO;6351;1
RORAIMA;6351;1
SANTA CATARINA;6351;1
SAO PAULO;6351;2
MINAS GERAIS;6360;1
BAHIA;6378;1
GOIAS;6378;3
MATO GROSSO;6378;1
MINAS GERAIS;6378;7
PARANA;6378;5
PERNAMBUCO;6378;1
SANTA CATARINA;6378;9
SAO PAULO;6378;6
MATO GROSSO;6386;1
PARAIBA;6386;3
PARANA;6386;1
RIO GRANDE DO NORTE;6386;1
RIO GRANDE DO SUL;6386;2
SANTA CATARINA;6386;1
SAO PAULO;6386;3
AMAZONAS;6394;2
BAHIA;6394;3
CEARA;6394;2
DISTRITO FEDERAL;6394;1
MARANHAO;6394;1
MATO GROSSO;6394;6
MATO GROSSO DO SUL;6394;10
MINAS GERAIS;6394;28
PARA;6394;1
PARAIBA;6394;2
PARANA;6394;28
PERNAMBUCO;6394;1
RIO GRANDE DO NORTE;6394;1
RIO GRANDE DO SUL;6394;10
RONDONIA;6394;1
SANTA CATARINA;6394;38
SAO PAULO;6394;82
SERGIPE;6394;1
TOCANTINS;6394;1
ACRE;6408;4
ALAGOAS;6408;20
AMAZONAS;6408;95
AMAPA;6408;4
BAHIA;6408;102
CEARA;6408;1981
DISTRITO FEDERAL;6408;22
ESPIRITO SANTO;6408;63
GOIAS;6408;87
MARANHAO;6408;36
MATO GROSSO;6408;103
MATO GROSSO DO SUL;6408;337
MINAS GERAIS;6408;343
PARA;6408;84
PARAIBA;6408;94
PARANA;6408;287
PERNAMBUCO;6408;127
PIAUI;6408;45
RIO DE JANEIRO;6408;71
RIO GRANDE DO NORTE;6408;62
RIO GRANDE DO SUL;6408;114
RONDONIA;6408;46
RORAIMA;6408;34
SANTA CATARINA;6408;920
SAO PAULO;6408;402
SERGIPE;6408;38
TOCANTINS;6408;9
CEARA;6416;14
MATO GROSSO DO SUL;6416;4
MINAS GERAIS;6416;3
PARAIBA;6416;3
SANTA CATARINA;6416;3
SAO PAULO;6416;3
PARANA;6424;1
SANTA CATARINA;6424;1
ALAGOAS;6432;1
AMAZONAS;6432;2
BAHIA;6432;8
CEARA;6432;4
DISTRITO FEDERAL;6432;2
ESPIRITO SANTO;6432;1
GOIAS;6432;1
MARANHAO;6432;3
MATO GROSSO;6432;24
MATO GROSSO DO SUL;6432;113
MINAS GERAIS;6432;15
PARA;6432;3
PARAIBA;6432;3
PARANA;6432;6
PERNAMBUCO;6432;5
RIO DE JANEIRO;6432;9
RIO GRANDE DO NORTE;6432;1
RIO GRANDE DO SUL;6432;21
RONDONIA;6432;1
RORAIMA;6432;4
SANTA CATARINA;6432;97
SAO PAULO;6432;34
TOCANTINS;6432;1
AMAZONAS;6440;3
BAHIA;6440;13
CEARA;6440;4
DISTRITO FEDERAL;6440;1
ESPIRITO SANTO;6440;9
GOIAS;6440;2
MATO GROSSO;6440;3
MATO GROSSO DO SUL;6440;1
MINAS GERAIS;6440;9
PARA;6440;1
PARAIBA;6440;4
PARANA;6440;4
PERNAMBUCO;6440;1
PIAUI;6440;2
RIO DE JANEIRO;6440;2
RIO GRANDE DO SUL;6440;3
RORAIMA;6440;2
SANTA CATARINA;6440;17
SAO PAULO;6440;157
TOCANTINS;6440;1
ACRE;6459;2
ALAGOAS;6459;1
BAHIA;6459;22
CEARA;6459;6
DISTRITO FEDERAL;6459;1
ESPIRITO SANTO;6459;2
GOIAS;6459;9
MARANHAO;6459;3
MATO GROSSO;6459;9
MATO GROSSO DO SUL;6459;1
MINAS GERAIS;6459;19
PARA;6459;3
PARAIBA;6459;4
PARANA;6459;23
PERNAMBUCO;6459;4
PIAUI;6459;2
RIO DE JANEIRO;6459;5
RIO GRANDE DO NORTE;6459;1
RIO GRANDE DO SUL;6459;7
RONDONIA;6459;7
RORAIMA;6459;2
SANTA CATARINA;6459;21
SAO PAULO;6459;31
SERGIPE;6459;2
TOCANTINS;6459;1
RIO GRANDE DO NORTE;6467;1
RONDONIA;6467;1
SANTA CATARINA;6467;1
SAO PAULO;6467;1
MATO GROSSO DO SUL;6475;1
RIO GRANDE DO SUL;6475;1
AMAZONAS;6483;8
BAHIA;6483;16
CEARA;6483;13
DISTRITO FEDERAL;6483;1
ESPIRITO SANTO;6483;1
GOIAS;6483;1
MARANHAO;6483;6
MATO GROSSO;6483;4
MATO GROSSO DO SUL;6483;4
MINAS GERAIS;6483;36
PARAIBA;6483;10
PARANA;6483;6
PERNAMBUCO;6483;8
PIAUI;6483;6
RIO DE JANEIRO;6483;3
RIO GRANDE DO NORTE;6483;1
RIO GRANDE DO SUL;6483;5
RONDONIA;6483;1
SANTA CATARINA;6483;34
SAO PAULO;6483;177
SERGIPE;6483;1
AMAZONAS;6491;14
BAHIA;6491;60
CEARA;6491;41
DISTRITO FEDERAL;6491;2
ESPIRITO SANTO;6491;2
GOIAS;6491;1
MARANHAO;6491;5
MATO GROSSO;6491;9
MATO GROSSO DO SUL;6491;4
MINAS GERAIS;6491;83
PARAIBA;6491;15
PARANA;6491;10
PERNAMBUCO;6491;10
PIAUI;6491;6
RIO DE JANEIRO;6491;4
RIO GRANDE DO NORTE;6491;3
RIO GRANDE DO SUL;6491;17
SANTA CATARINA;6491;59
SAO PAULO;6491;223
SERGIPE;6491;1
BAHIA;6505;1
CEARA;6505;1
ESPIRITO SANTO;6505;1
GOIAS;6505;1
MINAS GERAIS;6505;4
RIO GRANDE DO SUL;6505;1
SANTA CATARINA;6505;8
SAO PAULO;6505;6
MINAS GERAIS;6513;1
SAO PAULO;6513;1
MATO GROSSO DO SUL;6521;1
MINAS GERAIS;6521;1
SANTA CATARINA;6521;1
SAO PAULO;6521;3
ACRE;6530;5
ALAGOAS;6530;3
AMAZONAS;6530;20
BAHIA;6530;182
CEARA;6530;47
DISTRITO FEDERAL;6530;44
ESPIRITO SANTO;6530;22
GOIAS;6530;46
MARANHAO;6530;14
MATO GROSSO;6530;289
MATO GROSSO DO SUL;6530;139
MINAS GERAIS;6530;2929
PARA;6530;5
PARAIBA;6530;50
PARANA;6530;656
PERNAMBUCO;6530;12
PIAUI;6530;4
RIO DE JANEIRO;6530;25
RIO GRANDE DO NORTE;6530;6
RIO GRANDE DO SUL;6530;408
RONDONIA;6530;7
RORAIMA;6530;12
SANTA CATARINA;6530;1269
SAO PAULO;6530;4433
SERGIPE;6530;27
TOCANTINS;6530;4
AMAZONAS;6548;5
BAHIA;6548;54
CEARA;6548;2
DISTRITO FEDERAL;6548;5
ESPIRITO SANTO;6548;3
MARANHAO;6548;78
MATO GROSSO;6548;30
MATO GROSSO DO SUL;6548;37
MINAS GERAIS;6548;57
PARA;6548;12
PARAIBA;6548;20
PARANA;6548;3
PERNAMBUCO;6548;1
PIAUI;6548;1
RIO DE JANEIRO;6548;1
RIO GRANDE DO NORTE;6548;4
RIO GRANDE DO SUL;6548;6
RORAIMA;6548;1
SANTA CATARINA;6548;140
SAO PAULO;6548;13
SERGIPE;6548;1
TOCANTINS;6548;4
ACRE;6556;3
ALAGOAS;6556;13
AMAZONAS;6556;90
AMAPA;6556;4
BAHIA;6556;81
CEARA;6556;207
DISTRITO FEDERAL;6556;9
ESPIRITO SANTO;6556;28
GOIAS;6556;39
MARANHAO;6556;147
MATO GROSSO;6556;472
MATO GROSSO DO SUL;6556;265
MINAS GERAIS;6556;323
PARA;6556;46
PARAIBA;6556;255
PARANA;6556;74
PERNAMBUCO;6556;169
PIAUI;6556;27
RIO DE JANEIRO;6556;37
RIO GRANDE DO NORTE;6556;26
RIO GRANDE DO SUL;6556;60
RONDONIA;6556;13
RORAIMA;6556;34
SANTA CATARINA;6556;473
SAO PAULO;6556;85
SERGIPE;6556;46
TOCANTINS;6556;9
ACRE;6564;8
ALAGOAS;6564;20
AMAZONAS;6564;63
AMAPA;6564;4
BAHIA;6564;156
CEARA;6564;825
DISTRITO FEDERAL;6564;6
ESPIRITO SANTO;6564;17
GOIAS;6564;16
MARANHAO;6564;74
MATO GROSSO;6564;69
MATO GROSSO DO SUL;6564;25
MINAS GERAIS;6564;192
PARA;6564;27
PARAIBA;6564;105
PARANA;6564;54
PERNAMBUCO;6564;70
PIAUI;6564;112
RIO DE JANEIRO;6564;20
RIO GRANDE DO NORTE;6564;46
RIO GRANDE DO SUL;6564;53
RONDONIA;6564;12
RORAIMA;6564;25
SANTA CATARINA;6564;97
SAO PAULO;6564;414
SERGIPE;6564;42
TOCANTINS;6564;4
BAHIA;6572;2
CEARA;6572;5
ESPIRITO SANTO;6572;3
GOIAS;6572;2
MATO GROSSO;6572;19
MINAS GERAIS;6572;4
PARA;6572;10
PARANA;6572;7
RIO DE JANEIRO;6572;2
RIO GRANDE DO NORTE;6572;1
RIO GRANDE DO SUL;6572;2
SANTA CATARINA;6572;8
SAO PAULO;6572;7
SERGIPE;6572;2
TOCANTINS;6572;1
ACRE;6580;8
ALAGOAS;6580;13
AMAZONAS;6580;37
AMAPA;6580;5
BAHIA;6580;108
CEARA;6580;479
DISTRITO FEDERAL;6580;34
ESPIRITO SANTO;6580;34
GOIAS;6580;68
MARANHAO;6580;304
MATO GROSSO;6580;318
MATO GROSSO DO SUL;6580;485
MINAS GERAIS;6580;256
PARA;6580;74
PARAIBA;6580;177
PARANA;6580;114
PERNAMBUCO;6580;60
PIAUI;6580;109
RIO DE JANEIRO;6580;113
RIO GRANDE DO NORTE;6580;40
RIO GRANDE DO SUL;6580;32
RONDONIA;6580;47
RORAIMA;6580;11
SANTA CATARINA;6580;161
SAO PAULO;6580;361
SERGIPE;6580;16
TOCANTINS;6580;9
ACRE;6599;178
ALAGOAS;6599;323
AMAZONAS;6599;917
AMAPA;6599;182
BAHIA;6599;2656
CEARA;6599;15024
DISTRITO FEDERAL;6599;700
ESPIRITO SANTO;6599;685
GOIAS;6599;1031
MARANHAO;6599;1254
MATO GROSSO;6599;6161
MATO GROSSO DO SUL;6599;9396
MINAS GERAIS;6599;3770
PARA;6599;560
PARAIBA;6599;3495
PARANA;6599;2883
PERNAMBUCO;6599;1246
PIAUI;6599;673
RIO DE JANEIRO;6599;1649
RIO GRANDE DO NORTE;6599;861
RIO GRANDE DO SUL;6599;1138
RONDONIA;6599;333
RORAIMA;6599;529
SANTA CATARINA;6599;8937
SAO PAULO;6599;3065
SERGIPE;6599;533
TOCANTINS;6599;190
ACRE;6602;13
ALAGOAS;6602;21
AMAZONAS;6602;52
AMAPA;6602;7
BAHIA;6602;269
CEARA;6602;1101
DISTRITO FEDERAL;6602;80
ESPIRITO SANTO;6602;169
GOIAS;6602;204
MARANHAO;6602;107
MATO GROSSO;6602;287
MATO GROSSO DO SUL;6602;1403
MINAS GERAIS;6602;822
PARA;6602;65
PARAIBA;6602;122
PARANA;6602;574
PERNAMBUCO;6602;182
PIAUI;6602;105
RIO DE JANEIRO;6602;337
RIO GRANDE DO NORTE;6602;80
RIO GRANDE DO SUL;6602;250
RONDONIA;6602;80
RORAIMA;6602;37
SANTA CATARINA;6602;984
SAO PAULO;6602;1606
SERGIPE;6602;64
TOCANTINS;6602;30
ACRE;6610;4
ALAGOAS;6610;10
AMAZONAS;6610;44
AMAPA;6610;4
BAHIA;6610;159
CEARA;6610;696
DISTRITO FEDERAL;6610;41
ESPIRITO SANTO;6610;84
GOIAS;6610;78
MARANHAO;6610;184
MATO GROSSO;6610;327
MATO GROSSO DO SUL;6610;916
MINAS GERAIS;6610;495
PARA;6610;19
PARAIBA;6610;169
PARANA;6610;286
PERNAMBUCO;6610;119
PIAUI;6610;35
RIO DE JANEIRO;6610;72
RIO GRANDE DO NORTE;6610;94
RIO GRANDE DO SUL;6610;218
RONDONIA;6610;19
RORAIMA;6610;32
SANTA CATARINA;6610;1364
SAO PAULO;6610;264
SERGIPE;6610;62
TOCANTINS;6610;10
ALAGOAS;6629;2
BAHIA;6629;5
CEARA;6629;84
ESPIRITO SANTO;6629;7
MARANHAO;6629;1
MATO GROSSO;6629;2
MATO GROSSO DO SUL;6629;1
MINAS GERAIS;6629;17
PARA;6629;1
PARAIBA;6629;8
PARANA;6629;3
PERNAMBUCO;6629;9
PIAUI;6629;1
RIO DE JANEIRO;6629;24
RIO GRANDE DO NORTE;6629;21
RIO GRANDE DO SUL;6629;9
SANTA CATARINA;6629;50
SAO PAULO;6629;8
SERGIPE;6629;1
ACRE;6637;63
ALAGOAS;6637;131
AMAZONAS;6637;296
AMAPA;6637;22
BAHIA;6637;853
CEARA;6637;3625
DISTRITO FEDERAL;6637;132
ESPIRITO SANTO;6637;319
GOIAS;6637;379
MARANHAO;6637;409
MATO GROSSO;6637;1315
MATO GROSSO DO SUL;6637;1418
MINAS GERAIS;6637;2005
PARA;6637;310
PARAIBA;6637;2024
PARANA;6637;991
PERNAMBUCO;6637;691
PIAUI;6637;273
RIO DE JANEIRO;6637;539
RIO GRANDE DO NORTE;6637;404
RIO GRANDE DO SUL;6637;688
RONDONIA;6637;249
RORAIMA;6637;107
SANTA CATARINA;6637;2713
SAO PAULO;6637;1555
SERGIPE;6637;339
TOCANTINS;6637;74
ACRE;6645;41
ALAGOAS;6645;143
AMAZONAS;6645;76
AMAPA;6645;14
BAHIA;6645;596
CEARA;6645;1321
DISTRITO FEDERAL;6645;93
ESPIRITO SANTO;6645;316
GOIAS;6645;384
MARANHAO;6645;161
MATO GROSSO;6645;450
MATO GROSSO DO SUL;6645;593
MINAS GERAIS;6645;1344
PARA;6645;229
PARAIBA;6645;205
PARANA;6645;1177
PERNAMBUCO;6645;518
PIAUI;6645;166
RIO DE JANEIRO;6645;336
RIO GRANDE DO NORTE;6645;311
RIO GRANDE DO SUL;6645;776
RONDONIA;6645;202
RORAIMA;6645;134
SANTA CATARINA;6645;1631
SAO PAULO;6645;1662
SERGIPE;6645;213
TOCANTINS;6645;84
ACRE;6653;8
ALAGOAS;6653;9
AMAZONAS;6653;79
AMAPA;6653;2
BAHIA;6653;160
CEARA;6653;440
DISTRITO FEDERAL;6653;21
ESPIRITO SANTO;6653;70
GOIAS;6653;39
MARANHAO;6653;223
MATO GROSSO;6653;985
MATO GROSSO DO SUL;6653;709
MINAS GERAIS;6653;645
PARA;6653;29
PARAIBA;6653;553
PARANA;6653;393
PERNAMBUCO;6653;124
PIAUI;6653;23
RIO DE JANEIRO;6653;40
RIO GRANDE DO NORTE;6653;40
RIO GRANDE DO SUL;6653;285
RONDONIA;6653;31
RORAIMA;6653;26
SANTA CATARINA;6653;1038
SAO PAULO;6653;215
SERGIPE;6653;78
TOCANTINS;6653;6
ACRE;6661;13
ALAGOAS;6661;17
AMAZONAS;6661;12
AMAPA;6661;2
BAHIA;6661;105
CEARA;6661;1142
DISTRITO FEDERAL;6661;15
ESPIRITO SANTO;6661;30
GOIAS;6661;33
MARANHAO;6661;40
MATO GROSSO;6661;114
MATO GROSSO DO SUL;6661;60
MINAS GERAIS;6661;128
PARA;6661;50
PARAIBA;6661;48
PARANA;6661;120
PERNAMBUCO;6661;81
PIAUI;6661;57
RIO DE JANEIRO;6661;40
RIO GRANDE DO NORTE;6661;46
RIO GRANDE DO SUL;6661;81
RONDONIA;6661;67
RORAIMA;6661;10
SANTA CATARINA;6661;173
SAO PAULO;6661;197
SERGIPE;6661;43
TOCANTINS;6661;10
ACRE;6670;32
ALAGOAS;6670;116
AMAZONAS;6670;98
AMAPA;6670;56
BAHIA;6670;797
CEARA;6670;3307
DISTRITO FEDERAL;6670;91
ESPIRITO SANTO;6670;291
GOIAS;6670;289
MARANHAO;6670;137
MATO GROSSO;6670;317
MATO GROSSO DO SUL;6670;339
MINAS GERAIS;6670;1230
PARA;6670;392
PARAIBA;6670;372
PARANA;6670;520
PERNAMBUCO;6670;288
PIAUI;6670;176
RIO DE JANEIRO;6670;445
RIO GRANDE DO NORTE;6670;225
RIO GRANDE DO SUL;6670;532
RONDONIA;6670;226
RORAIMA;6670;41
SANTA CATARINA;6670;1526
SAO PAULO;6670;899
SERGIPE;6670;323
TOCANTINS;6670;63
ACRE;6688;3
ALAGOAS;6688;9
AMAZONAS;6688;13
AMAPA;6688;2
BAHIA;6688;47
CEARA;6688;153
DISTRITO FEDERAL;6688;11
ESPIRITO SANTO;6688;26
GOIAS;6688;42
MARANHAO;6688;19
MATO GROSSO;6688;42
MATO GROSSO DO SUL;6688;46
MINAS GERAIS;6688;85
PARA;6688;28
PARAIBA;6688;19
PARANA;6688;59
PERNAMBUCO;6688;52
PIAUI;6688;24
RIO DE JANEIRO;6688;43
RIO GRANDE DO NORTE;6688;36
RIO GRANDE DO SUL;6688;37
RONDONIA;6688;26
RORAIMA;6688;5
SANTA CATARINA;6688;54
SAO PAULO;6688;138
SERGIPE;6688;15
TOCANTINS;6688;7
ALAGOAS;6696;3
BAHIA;6696;15
CEARA;6696;5
ESPIRITO SANTO;6696;2
GOIAS;6696;2
MATO GROSSO;6696;4
MATO GROSSO DO SUL;6696;4
MINAS GERAIS;6696;25
PARA;6696;1
PARAIBA;6696;1
PARANA;6696;8
PERNAMBUCO;6696;14
PIAUI;6696;1
RIO DE JANEIRO;6696;3
RIO GRANDE DO NORTE;6696;6
RIO GRANDE DO SUL;6696;16
RONDONIA;6696;6
RORAIMA;6696;4
SANTA CATARINA;6696;66
SAO PAULO;6696;22
SERGIPE;6696;5
TOCANTINS;6696;1
ACRE;6700;43
ALAGOAS;6700;88
AMAZONAS;6700;109
AMAPA;6700;38
BAHIA;6700;610
CEARA;6700;292
DISTRITO FEDERAL;6700;67
ESPIRITO SANTO;6700;224
GOIAS;6700;149
MARANHAO;6700;136
MATO GROSSO;6700;564
MATO GROSSO DO SUL;6700;202
MINAS GERAIS;6700;813
PARA;6700;96
PARAIBA;6700;179
PARANA;6700;323
PERNAMBUCO;6700;137
PIAUI;6700;83
RIO DE JANEIRO;6700;178
RIO GRANDE DO NORTE;6700;145
RIO GRANDE DO SUL;6700;482
RONDONIA;6700;224
RORAIMA;6700;21
SANTA CATARINA;6700;1460
SAO PAULO;6700;765
SERGIPE;6700;258
TOCANTINS;6700;34
MATO GROSSO DO SUL;6718;1
SAO PAULO;6718;3
ACRE;6726;61
ALAGOAS;6726;127
AMAZONAS;6726;496
AMAPA;6726;57
BAHIA;6726;735
CEARA;6726;3649
DISTRITO FEDERAL;6726;187
ESPIRITO SANTO;6726;567
GOIAS;6726;510
MARANHAO;6726;200
MATO GROSSO;6726;535
MATO GROSSO DO SUL;6726;907
MINAS GERAIS;6726;2724
PARA;6726;307
PARAIBA;6726;436
PARANA;6726;1324
PERNAMBUCO;6726;531
PIAUI;6726;230
RIO DE JANEIRO;6726;758
RIO GRANDE DO NORTE;6726;469
RIO GRANDE DO SUL;6726;972
RONDONIA;6726;443
RORAIMA;6726;114
SANTA CATARINA;6726;3737
SAO PAULO;6726;2557
SERGIPE;6726;226
TOCANTINS;6726;122
CEARA;6734;1
SAO PAULO;6734;2
AMAZONAS;6742;2
CEARA;6742;38
ESPIRITO SANTO;6742;2
GOIAS;6742;1
MARANHAO;6742;2
MATO GROSSO;6742;1
MATO GROSSO DO SUL;6742;2
MINAS GERAIS;6742;2
PARAIBA;6742;2
PARANA;6742;3
PERNAMBUCO;6742;1
PIAUI;6742;1
RIO DE JANEIRO;6742;4
RIO GRANDE DO NORTE;6742;20
RIO GRANDE DO SUL;6742;2
RONDONIA;6742;2
SANTA CATARINA;6742;6
SAO PAULO;6742;3
ACRE;6750;4
ALAGOAS;6750;6
AMAZONAS;6750;2
BAHIA;6750;37
CEARA;6750;16
DISTRITO FEDERAL;6750;1
ESPIRITO SANTO;6750;15
GOIAS;6750;2
MARANHAO;6750;6
MATO GROSSO;6750;6
MATO GROSSO DO SUL;6750;25
MINAS GERAIS;6750;63
PARA;6750;10
PARAIBA;6750;7
PARANA;6750;78
PERNAMBUCO;6750;16
PIAUI;6750;2
RIO DE JANEIRO;6750;13
RIO GRANDE DO NORTE;6750;18
RIO GRANDE DO SUL;6750;44
RONDONIA;6750;15
SANTA CATARINA;6750;90
SAO PAULO;6750;91
SERGIPE;6750;6
TOCANTINS;6750;1
ACRE;6769;53
ALAGOAS;6769;115
AMAZONAS;6769;191
AMAPA;6769;31
BAHIA;6769;655
CEARA;6769;4632
DISTRITO FEDERAL;6769;551
ESPIRITO SANTO;6769;214
GOIAS;6769;402
MARANHAO;6769;121
MATO GROSSO;6769;1115
MATO GROSSO DO SUL;6769;878
MINAS GERAIS;6769;2231
PARA;6769;289
PARAIBA;6769;224
PARANA;6769;956
PERNAMBUCO;6769;355
PIAUI;6769;177
RIO DE JANEIRO;6769;541
RIO GRANDE DO NORTE;6769;211
RIO GRANDE DO SUL;6769;567
RONDONIA;6769;246
RORAIMA;6769;95
SANTA CATARINA;6769;2282
SAO PAULO;6769;11064
SERGIPE;6769;82
TOCANTINS;6769;69
GOIAS;6777;3
MATO GROSSO;6777;11
MATO GROSSO DO SUL;6777;1
MINAS GERAIS;6777;22
PARANA;6777;6
RIO GRANDE DO SUL;6777;3
RONDONIA;6777;3
SANTA CATARINA;6777;30
SAO PAULO;6777;12
ALAGOAS;6785;4
AMAZONAS;6785;1
BAHIA;6785;9
CEARA;6785;42
DISTRITO FEDERAL;6785;1
ESPIRITO SANTO;6785;6
GOIAS;6785;10
MARANHAO;6785;6
MATO GROSSO;6785;33
MATO GROSSO DO SUL;6785;18
MINAS GERAIS;6785;71
PARA;6785;5
PARAIBA;6785;11
PARANA;6785;9
PERNAMBUCO;6785;16
PIAUI;6785;3
RIO DE JANEIRO;6785;13
RIO GRANDE DO NORTE;6785;3
RIO GRANDE DO SUL;6785;16
RONDONIA;6785;5
RORAIMA;6785;3
SANTA CATARINA;6785;29
SAO PAULO;6785;89
SERGIPE;6785;2
TOCANTINS;6785;3
ALAGOAS;6793;1
AMAZONAS;6793;1
MINAS GERAIS;6793;2
RIO DE JANEIRO;6793;1
RORAIMA;6793;1
SANTA CATARINA;6793;7
SAO PAULO;6793;10
ACRE;6807;1
BAHIA;6807;5
ESPIRITO SANTO;6807;1
GOIAS;6807;2
MARANHAO;6807;1
MATO GROSSO;6807;2
MINAS GERAIS;6807;4
PARA;6807;2
PARANA;6807;13
PERNAMBUCO;6807;1
RIO DE JANEIRO;6807;3
RIO GRANDE DO SUL;6807;3
RONDONIA;6807;2
SANTA CATARINA;6807;12
SAO PAULO;6807;12
TOCANTINS;6807;1
BAHIA;6815;1
CEARA;6815;1
MATO GROSSO;6815;3
MINAS GERAIS;6815;2
SAO PAULO;6815;11
ACRE;6823;7
ALAGOAS;6823;10
AMAZONAS;6823;8
BAHIA;6823;75
CEARA;6823;128
DISTRITO FEDERAL;6823;6
ESPIRITO SANTO;6823;16
GOIAS;6823;63
MARANHAO;6823;7
MATO GROSSO;6823;78
MATO GROSSO DO SUL;6823;102
MINAS GERAIS;6823;114
PARA;6823;26
PARAIBA;6823;10
PARANA;6823;162
PERNAMBUCO;6823;22
PIAUI;6823;8
RIO DE JANEIRO;6823;12
RIO GRANDE DO NORTE;6823;16
RIO GRANDE DO SUL;6823;112
RONDONIA;6823;26
RORAIMA;6823;2
SANTA CATARINA;6823;201
SAO PAULO;6823;204
SERGIPE;6823;8
TOCANTINS;6823;13
ACRE;6831;5
ALAGOAS;6831;17
AMAZONAS;6831;1
BAHIA;6831;57
CEARA;6831;489
DISTRITO FEDERAL;6831;15
ESPIRITO SANTO;6831;27
GOIAS;6831;113
MARANHAO;6831;20
MATO GROSSO;6831;194
MATO GROSSO DO SUL;6831;103
MINAS GERAIS;6831;170
PARA;6831;24
PARAIBA;6831;37
PARANA;6831;589
PERNAMBUCO;6831;85
PIAUI;6831;42
RIO DE JANEIRO;6831;25
RIO GRANDE DO NORTE;6831;68
RIO GRANDE DO SUL;6831;153
RONDONIA;6831;18
RORAIMA;6831;1
SANTA CATARINA;6831;316
SAO PAULO;6831;2093
SERGIPE;6831;15
TOCANTINS;6831;14
ACRE;6840;1
ALAGOAS;6840;1
AMAZONAS;6840;6
BAHIA;6840;42
CEARA;6840;57
DISTRITO FEDERAL;6840;8
ESPIRITO SANTO;6840;16
GOIAS;6840;62
MARANHAO;6840;9
MATO GROSSO;6840;128
MATO GROSSO DO SUL;6840;65
MINAS GERAIS;6840;86
PARA;6840;20
PARAIBA;6840;10
PARANA;6840;147
PERNAMBUCO;6840;20
PIAUI;6840;11
RIO DE JANEIRO;6840;7
RIO GRANDE DO NORTE;6840;15
RIO GRANDE DO SUL;6840;90
RONDONIA;6840;27
RORAIMA;6840;6
SANTA CATARINA;6840;103
SAO PAULO;6840;171
SERGIPE;6840;22
TOCANTINS;6840;13
ACRE;6858;23
ALAGOAS;6858;56
AMAZONAS;6858;288
AMAPA;6858;22
BAHIA;6858;450
CEARA;6858;2645
DISTRITO FEDERAL;6858;54
ESPIRITO SANTO;6858;56
GOIAS;6858;88
MARANHAO;6858;383
MATO GROSSO;6858;306
MATO GROSSO DO SUL;6858;117
MINAS GERAIS;6858;315
PARA;6858;189
PARAIBA;6858;335
PARANA;6858;105
PERNAMBUCO;6858;198
PIAUI;6858;271
RIO DE JANEIRO;6858;214
RIO GRANDE DO NORTE;6858;108
RIO GRANDE DO SUL;6858;115
RONDONIA;6858;63
RORAIMA;6858;63
SANTA CATARINA;6858;329
SAO PAULO;6858;465
SERGIPE;6858;71
TOCANTINS;6858;19
ACRE;6866;5
ALAGOAS;6866;4
AMAZONAS;6866;10
AMAPA;6866;9
BAHIA;6866;331
CEARA;6866;106
DISTRITO FEDERAL;6866;8
ESPIRITO SANTO;6866;9
GOIAS;6866;10
MARANHAO;6866;14
MATO GROSSO;6866;26
MATO GROSSO DO SUL;6866;19
MINAS GERAIS;6866;98
PARA;6866;29
PARAIBA;6866;21
PARANA;6866;26
PERNAMBUCO;6866;34
PIAUI;6866;8
RIO DE JANEIRO;6866;11
RIO GRANDE DO NORTE;6866;29
RIO GRANDE DO SUL;6866;18
RONDONIA;6866;6
RORAIMA;6866;1
SANTA CATARINA;6866;446
SAO PAULO;6866;223
SERGIPE;6866;7
CEARA;6874;1
RIO GRANDE DO SUL;6874;1
SAO PAULO;6874;3
ACRE;6882;1
AMAZONAS;6882;1
BAHIA;6882;1
GOIAS;6882;1
MATO GROSSO;6882;1
MINAS GERAIS;6882;2
PARANA;6882;1
PERNAMBUCO;6882;1
SANTA CATARINA;6882;1
SAO PAULO;6882;1
PARANA;6890;1
RIO GRANDE DO NORTE;6890;2
SANTA CATARINA;6890;1
SAO PAULO;6890;1
ALAGOAS;6904;2
AMAZONAS;6904;1
BAHIA;6904;8
CEARA;6904;6
DISTRITO FEDERAL;6904;1
ESPIRITO SANTO;6904;5
GOIAS;6904;5
MATO GROSSO;6904;4
MATO GROSSO DO SUL;6904;3
MINAS GERAIS;6904;8
PARA;6904;4
PARAIBA;6904;5
PARANA;6904;12
PERNAMBUCO;6904;8
PIAUI;6904;5
RIO DE JANEIRO;6904;2
RIO GRANDE DO NORTE;6904;5
RIO GRANDE DO SUL;6904;6
RONDONIA;6904;1
RORAIMA;6904;1
SANTA CATARINA;6904;2
SAO PAULO;6904;16
SERGIPE;6904;1
TOCANTINS;6904;3
ACRE;6912;29
ALAGOAS;6912;33
AMAZONAS;6912;128
AMAPA;6912;17
BAHIA;6912;346
CEARA;6912;1640
DISTRITO FEDERAL;6912;56
ESPIRITO SANTO;6912;79
GOIAS;6912;125
MARANHAO;6912;1149
MATO GROSSO;6912;784
MATO GROSSO DO SUL;6912;1230
MINAS GERAIS;6912;838
PARA;6912;87
PARAIBA;6912;306
PARANA;6912;216
PERNAMBUCO;6912;167
PIAUI;6912;102
RIO DE JANEIRO;6912;104
RIO GRANDE DO NORTE;6912;108
RIO GRANDE DO SUL;6912;239
RONDONIA;6912;73
RORAIMA;6912;57
SANTA CATARINA;6912;1775
SAO PAULO;6912;552
SERGIPE;6912;76
TOCANTINS;6912;42
ALAGOAS;6920;5
AMAZONAS;6920;2
BAHIA;6920;728
CEARA;6920;14949
DISTRITO FEDERAL;6920;15
ESPIRITO SANTO;6920;25
GOIAS;6920;32
MARANHAO;6920;4347
MATO GROSSO;6920;14
MATO GROSSO DO SUL;6920;27170
MINAS GERAIS;6920;7658
PARA;6920;3
PARAIBA;6920;3
PARANA;6920;4384
PERNAMBUCO;6920;26
PIAUI;6920;8
RIO DE JANEIRO;6920;27
RIO GRANDE DO NORTE;6920;5
RIO GRANDE DO SUL;6920;6241
RONDONIA;6920;2
SANTA CATARINA;6920;18491
SAO PAULO;6920;140
SERGIPE;6920;1165
TOCANTINS;6920;5
MATO GROSSO DO SUL;6939;61
MINAS GERAIS;6939;4
PIAUI;6939;1
RIO GRANDE DO SUL;6939;2
SANTA CATARINA;6939;5
SAO PAULO;6939;1
ACRE;6947;5
ALAGOAS;6947;9
AMAZONAS;6947;13
AMAPA;6947;2
BAHIA;6947;49
CEARA;6947;119
DISTRITO FEDERAL;6947;8
ESPIRITO SANTO;6947;26
GOIAS;6947;41
MARANHAO;6947;12
MATO GROSSO;6947;27
MATO GROSSO DO SUL;6947;43
MINAS GERAIS;6947;208
PARA;6947;24
PARAIBA;6947;34
PARANA;6947;83
PERNAMBUCO;6947;58
PIAUI;6947;15
RIO DE JANEIRO;6947;64
RIO GRANDE DO NORTE;6947;31
RIO GRANDE DO SUL;6947;72
RONDONIA;6947;20
RORAIMA;6947;28
SANTA CATARINA;6947;151
SAO PAULO;6947;492
SERGIPE;6947;14
TOCANTINS;6947;6
ALAGOAS;6955;1
AMAZONAS;6955;2
BAHIA;6955;4
CEARA;6955;19
ESPIRITO SANTO;6955;1
GOIAS;6955;2
MARANHAO;6955;1
MATO GROSSO;6955;1
MATO GROSSO DO SUL;6955;2
MINAS GERAIS;6955;5
PARA;6955;1
PARAIBA;6955;1
PARANA;6955;2
PIAUI;6955;1
RIO DE JANEIRO;6955;4
RIO GRANDE DO NORTE;6955;1
RIO GRANDE DO SUL;6955;2
SANTA CATARINA;6955;8
SAO PAULO;6955;17
SERGIPE;6955;1
ACRE;6963;1
ALAGOAS;6963;2
AMAZONAS;6963;4
BAHIA;6963;24
CEARA;6963;28
DISTRITO FEDERAL;6963;4
ESPIRITO SANTO;6963;20
GOIAS;6963;17
MARANHAO;6963;4
MATO GROSSO;6963;28
MATO GROSSO DO SUL;6963;35
MINAS GERAIS;6963;57
PARA;6963;20
PARAIBA;6963;8
PARANA;6963;68
PERNAMBUCO;6963;16
PIAUI;6963;5
RIO DE JANEIRO;6963;16
RIO GRANDE DO NORTE;6963;27
RIO GRANDE DO SUL;6963;50
RONDONIA;6963;11
RORAIMA;6963;5
SANTA CATARINA;6963;59
SAO PAULO;6963;77
SERGIPE;6963;5
TOCANTINS;6963;3
ACRE;6971;2
ALAGOAS;6971;3
AMAZONAS;6971;1
BAHIA;6971;10
CEARA;6971;19
DISTRITO FEDERAL;6971;3
ESPIRITO SANTO;6971;1
GOIAS;6971;4
MARANHAO;6971;24
MATO GROSSO;6971;20
MATO GROSSO DO SUL;6971;21
MINAS GERAIS;6971;8
PARA;6971;5
PARAIBA;6971;10
PARANA;6971;8
PERNAMBUCO;6971;14
PIAUI;6971;7
RIO DE JANEIRO;6971;5
RIO GRANDE DO NORTE;6971;2
RIO GRANDE DO SUL;6971;11
RONDONIA;6971;2
RORAIMA;6971;3
SANTA CATARINA;6971;17
SAO PAULO;6971;7
SERGIPE;6971;9
ALAGOAS;6980;2
AMAZONAS;6980;6
BAHIA;6980;28
CEARA;6980;29
DISTRITO FEDERAL;6980;4
ESPIRITO SANTO;6980;4
GOIAS;6980;24
MARANHAO;6980;6
MATO GROSSO;6980;32
MATO GROSSO DO SUL;6980;12
MINAS GERAIS;6980;37
PARA;6980;4
PARAIBA;6980;6
PARANA;6980;71
PERNAMBUCO;6980;11
PIAUI;6980;3
RIO DE JANEIRO;6980;4
RIO GRANDE DO NORTE;6980;2
RIO GRANDE DO SUL;6980;31
RONDONIA;6980;5
RORAIMA;6980;1
SANTA CATARINA;6980;71
SAO PAULO;6980;180
SERGIPE;6980;1
TOCANTINS;6980;6
MATO GROSSO;7005;1
PARAIBA;7005;1
PARANA;7005;2
CEARA;7013;2
MATO GROSSO;7013;3
PARAIBA;7013;1
PERNAMBUCO;7013;1
ACRE;7030;10
ALAGOAS;7030;232
AMAZONAS;7030;2203
AMAPA;7030;6
BAHIA;7030;958
CEARA;7030;23259
DISTRITO FEDERAL;7030;26
ESPIRITO SANTO;7030;40
GOIAS;7030;47
MARANHAO;7030;3819
MATO GROSSO;7030;464
MATO GROSSO DO SUL;7030;137
MINAS GERAIS;7030;351
PARA;7030;497
PARAIBA;7030;9452
PARANA;7030;135
PERNAMBUCO;7030;896
PIAUI;7030;1534
RIO DE JANEIRO;7030;268
RIO GRANDE DO NORTE;7030;371
RIO GRANDE DO SUL;7030;99
RONDONIA;7030;11
RORAIMA;7030;30
SANTA CATARINA;7030;226
SAO PAULO;7030;1487
SERGIPE;7030;524
TOCANTINS;7030;15
ACRE;7048;4
ALAGOAS;7048;136
AMAZONAS;7048;1740
AMAPA;7048;2
BAHIA;7048;833
CEARA;7048;13748
DISTRITO FEDERAL;7048;21
ESPIRITO SANTO;7048;21
GOIAS;7048;24
MARANHAO;7048;3815
MATO GROSSO;7048;201
MATO GROSSO DO SUL;7048;37
MINAS GERAIS;7048;217
PARA;7048;285
PARAIBA;7048;1600
PARANA;7048;83
PERNAMBUCO;7048;422
PIAUI;7048;1988
RIO DE JANEIRO;7048;188
RIO GRANDE DO NORTE;7048;139
RIO GRANDE DO SUL;7048;35
RONDONIA;7048;9
RORAIMA;7048;70
SANTA CATARINA;7048;134
SAO PAULO;7048;901
SERGIPE;7048;226
TOCANTINS;7048;6
AMAZONAS;7056;14
BAHIA;7056;47
CEARA;7056;77
DISTRITO FEDERAL;7056;2
ESPIRITO SANTO;7056;4
GOIAS;7056;6
MARANHAO;7056;14
MATO GROSSO;7056;77
MATO GROSSO DO SUL;7056;44
MINAS GERAIS;7056;350
PARAIBA;7056;19
PARANA;7056;192
PERNAMBUCO;7056;6
PIAUI;7056;4
RIO DE JANEIRO;7056;2
RIO GRANDE DO NORTE;7056;3
RIO GRANDE DO SUL;7056;50
RONDONIA;7056;4
RORAIMA;7056;8
SANTA CATARINA;7056;269
SAO PAULO;7056;1175
SERGIPE;7056;8
ALAGOAS;7064;4
AMAZONAS;7064;59
AMAPA;7064;4
BAHIA;7064;91
CEARA;7064;245
DISTRITO FEDERAL;7064;3
ESPIRITO SANTO;7064;11
GOIAS;7064;34
MARANHAO;7064;15
MATO GROSSO;7064;71
MATO GROSSO DO SUL;7064;37
MINAS GERAIS;7064;98
PARA;7064;7
PARAIBA;7064;68
PARANA;7064;40
PERNAMBUCO;7064;33
PIAUI;7064;32
RIO DE JANEIRO;7064;34
RIO GRANDE DO NORTE;7064;21
RIO GRANDE DO SUL;7064;33
RONDONIA;7064;11
RORAIMA;7064;2
SANTA CATARINA;7064;102
SAO PAULO;7064;814
SERGIPE;7064;10
TOCANTINS;7064;1
ACRE;7072;1
ALAGOAS;7072;5
AMAZONAS;7072;34
AMAPA;7072;2
BAHIA;7072;39
CEARA;7072;380
GOIAS;7072;1
MARANHAO;7072;152
MATO GROSSO;7072;70
MATO GROSSO DO SUL;7072;11
MINAS GERAIS;7072;21
PARA;7072;22
PARAIBA;7072;105
PARANA;7072;24
PERNAMBUCO;7072;28
PIAUI;7072;90
RIO DE JANEIRO;7072;4
RIO GRANDE DO NORTE;7072;15
RIO GRANDE DO SUL;7072;3
RONDONIA;7072;25
RORAIMA;7072;4
SANTA CATARINA;7072;10
SAO PAULO;7072;78
SERGIPE;7072;7
TOCANTINS;7072;6
ALAGOAS;7080;1
AMAZONAS;7080;1
BAHIA;7080;1
CEARA;7080;3
GOIAS;7080;1
MARANHAO;7080;5
MATO GROSSO;7080;1
MINAS GERAIS;7080;1
PIAUI;7080;1
RONDONIA;7080;2
SAO PAULO;7080;6
TOCANTINS;7080;2
AMAZONAS;7099;4
BAHIA;7099;13
CEARA;7099;54
DISTRITO FEDERAL;7099;3
ESPIRITO SANTO;7099;1
GOIAS;7099;12
MARANHAO;7099;9
MATO GROSSO;7099;12
MATO GROSSO DO SUL;7099;6
MINAS GERAIS;7099;65
PARA;7099;2
PARAIBA;7099;7
PARANA;7099;23
PERNAMBUCO;7099;8
PIAUI;7099;7
RIO DE JANEIRO;7099;10
RIO GRANDE DO NORTE;7099;3
RIO GRANDE DO SUL;7099;15
RONDONIA;7099;4
RORAIMA;7099;3
SANTA CATARINA;7099;82
SAO PAULO;7099;391
ALAGOAS;7102;1
AMAPA;7102;2
BAHIA;7102;6
CEARA;7102;30
ESPIRITO SANTO;7102;1
GOIAS;7102;7
MARANHAO;7102;3
MATO GROSSO;7102;5
MATO GROSSO DO SUL;7102;10
MINAS GERAIS;7102;33
PARA;7102;1
PARAIBA;7102;4
PARANA;7102;4
PERNAMBUCO;7102;3
PIAUI;7102;4
RIO DE JANEIRO;7102;2
RIO GRANDE DO SUL;7102;4
RONDONIA;7102;2
SANTA CATARINA;7102;21
SAO PAULO;7102;34
SERGIPE;7102;2
TOCANTINS;7102;1
BAHIA;7110;1
CEARA;7110;6
SAO PAULO;7110;1
PARAIBA;7129;4
SAO PAULO;7129;1
BAHIA;7137;1
CEARA;7137;2
PARAIBA;7137;1
PIAUI;7137;2
SANTA CATARINA;7137;1
SAO PAULO;7145;3
ALAGOAS;7153;1
BAHIA;7153;187
CEARA;7153;1
MARANHAO;7153;1
MATO GROSSO;7153;1
MINAS GERAIS;7153;10
PARAIBA;7153;1
PERNAMBUCO;7153;3
RIO GRANDE DO SUL;7153;1
SANTA CATARINA;7153;2
SAO PAULO;7153;9
SERGIPE;7153;2
PARA;7161;1
SAO PAULO;7161;5
BAHIA;7170;13
PARANA;7170;2
SAO PAULO;7170;2
BAHIA;7188;3
RONDONIA;7188;1
SANTA CATARINA;7188;1
SAO PAULO;7188;1
BAHIA;7196;6
MARANHAO;7196;1
SANTA CATARINA;7196;1
SAO PAULO;7196;4
PARANA;7200;2
ACRE;7218;2
ALAGOAS;7218;2
AMAZONAS;7218;17
BAHIA;7218;47
CEARA;7218;152
DISTRITO FEDERAL;7218;4
ESPIRITO SANTO;7218;1
GOIAS;7218;14
MARANHAO;7218;7
MATO GROSSO;7218;11
MATO GROSSO DO SUL;7218;5
MINAS GERAIS;7218;20
PARA;7218;11
PARAIBA;7218;28
PARANA;7218;9
PERNAMBUCO;7218;26
PIAUI;7218;4
RIO DE JANEIRO;7218;14
RIO GRANDE DO NORTE;7218;11
RIO GRANDE DO SUL;7218;3
RONDONIA;7218;4
RORAIMA;7218;3
SANTA CATARINA;7218;11
SAO PAULO;7218;24
SERGIPE;7218;2
TOCANTINS;7218;1
CEARA;7226;5
DISTRITO FEDERAL;7226;1
ESPIRITO SANTO;7226;1
MATO GROSSO;7226;1
MATO GROSSO DO SUL;7226;1
MINAS GERAIS;7226;1
PARANA;7226;1
RIO DE JANEIRO;7226;1
RIO GRANDE DO SUL;7226;1
SANTA CATARINA;7226;2
SAO PAULO;7226;4
ACRE;7234;1
ALAGOAS;7234;4
AMAZONAS;7234;481
AMAPA;7234;1
BAHIA;7234;151
CEARA;7234;145
DISTRITO FEDERAL;7234;101
ESPIRITO SANTO;7234;17
GOIAS;7234;27
MARANHAO;7234;17
MATO GROSSO;7234;262
MATO GROSSO DO SUL;7234;64
MINAS GERAIS;7234;435
PARA;7234;14
PARAIBA;7234;25
PARANA;7234;267
PERNAMBUCO;7234;19
PIAUI;7234;17
RIO DE JANEIRO;7234;47
RIO GRANDE DO NORTE;7234;11
RIO GRANDE DO SUL;7234;111
RONDONIA;7234;4
RORAIMA;7234;6
SANTA CATARINA;7234;566
SAO PAULO;7234;3202
SERGIPE;7234;4
TOCANTINS;7234;2
ACRE;7242;35
ALAGOAS;7242;409
AMAZONAS;7242;135
AMAPA;7242;128
BAHIA;7242;3106
CEARA;7242;4103
DISTRITO FEDERAL;7242;1308
ESPIRITO SANTO;7242;1050
GOIAS;7242;2036
MARANHAO;7242;911
MATO GROSSO;7242;5557
MATO GROSSO DO SUL;7242;1111
MINAS GERAIS;7242;7126
PARA;7242;809
PARAIBA;7242;1652
PARANA;7242;3940
PERNAMBUCO;7242;2579
PIAUI;7242;575
RIO DE JANEIRO;7242;4202
RIO GRANDE DO NORTE;7242;1459
RIO GRANDE DO SUL;7242;1559
RONDONIA;7242;867
RORAIMA;7242;73
SANTA CATARINA;7242;10798
SAO PAULO;7242;18479
SERGIPE;7242;277
TOCANTINS;7242;206
ALAGOAS;7250;1
BAHIA;7250;5
DISTRITO FEDERAL;7250;2
GOIAS;7250;2
MARANHAO;7250;1
MATO GROSSO;7250;1
MINAS GERAIS;7250;5
PARA;7250;1
PARAIBA;7250;1
RIO GRANDE DO SUL;7250;1
SANTA CATARINA;7250;5
SAO PAULO;7250;19
TOCANTINS;7250;1
ALAGOAS;7269;1
CEARA;7269;2
ESPIRITO SANTO;7269;1
MATO GROSSO;7269;2
PARA;7269;1
PARAIBA;7269;16
PARANA;7269;1
RIO DE JANEIRO;7269;1
RIO GRANDE DO NORTE;7269;1
SANTA CATARINA;7269;3
SAO PAULO;7269;14
BAHIA;7277;74
CEARA;7277;18
DISTRITO FEDERAL;7277;20
ESPIRITO SANTO;7277;8
GOIAS;7277;12
MARANHAO;7277;5
MATO GROSSO;7277;6
MATO GROSSO DO SUL;7277;7
MINAS GERAIS;7277;52
PARAIBA;7277;1
PARANA;7277;46
PERNAMBUCO;7277;1
PIAUI;7277;2
RIO DE JANEIRO;7277;124
RIO GRANDE DO NORTE;7277;26
RIO GRANDE DO SUL;7277;29
RONDONIA;7277;26
SANTA CATARINA;7277;181
SAO PAULO;7277;103
TOCANTINS;7277;1
AMAZONAS;7285;52
BAHIA;7285;3
CEARA;7285;228
DISTRITO FEDERAL;7285;25
ESPIRITO SANTO;7285;4
GOIAS;7285;11
MARANHAO;7285;4
MATO GROSSO;7285;3
MATO GROSSO DO SUL;7285;5
MINAS GERAIS;7285;76
PARA;7285;6
PARAIBA;7285;7
PARANA;7285;43
PERNAMBUCO;7285;15
PIAUI;7285;8
RIO DE JANEIRO;7285;9
RIO GRANDE DO NORTE;7285;8
RIO GRANDE DO SUL;7285;116
RONDONIA;7285;2
RORAIMA;7285;6
SANTA CATARINA;7285;33
SAO PAULO;7285;80
AMAZONAS;7293;1
AMAPA;7293;1
BAHIA;7293;2
CEARA;7293;8
DISTRITO FEDERAL;7293;2
ESPIRITO SANTO;7293;1
GOIAS;7293;5
MARANHAO;7293;4
MATO GROSSO;7293;8
MATO GROSSO DO SUL;7293;116
MINAS GERAIS;7293;73
PARA;7293;3
PARANA;7293;18
PERNAMBUCO;7293;1
PIAUI;7293;56
RIO DE JANEIRO;7293;11
RIO GRANDE DO NORTE;7293;1
RIO GRANDE DO SUL;7293;19
SANTA CATARINA;7293;25
SAO PAULO;7293;240
SERGIPE;7293;1
ACRE;7307;1
BAHIA;7307;1
CEARA;7307;6
DISTRITO FEDERAL;7307;2
ESPIRITO SANTO;7307;1
GOIAS;7307;1
MATO GROSSO;7307;1
MINAS GERAIS;7307;3
PARANA;7307;4
PERNAMBUCO;7307;1
PIAUI;7307;1
RIO DE JANEIRO;7307;2
RIO GRANDE DO NORTE;7307;2
RIO GRANDE DO SUL;7307;10
SANTA CATARINA;7307;7
SAO PAULO;7307;8
ACRE;7315;1
AMAZONAS;7315;14
AMAPA;7315;1
BAHIA;7315;108
CEARA;7315;17
DISTRITO FEDERAL;7315;11
ESPIRITO SANTO;7315;1
GOIAS;7315;22
MARANHAO;7315;1
MATO GROSSO;7315;6
MATO GROSSO DO SUL;7315;3
MINAS GERAIS;7315;83
PARA;7315;1
PARAIBA;7315;23
PARANA;7315;59
PERNAMBUCO;7315;11
PIAUI;7315;1
RIO DE JANEIRO;7315;23
RIO GRANDE DO NORTE;7315;2
RIO GRANDE DO SUL;7315;37
SANTA CATARINA;7315;153
SAO PAULO;7315;801
TOCANTINS;7315;2
AMAZONAS;7323;1
BAHIA;7323;8
CEARA;7323;42
DISTRITO FEDERAL;7323;4
ESPIRITO SANTO;7323;1
GOIAS;7323;1
MARANHAO;7323;1
MATO GROSSO;7323;29
MATO GROSSO DO SUL;7323;88
MINAS GERAIS;7323;50
PARA;7323;1
PARAIBA;7323;6
PARANA;7323;31
PERNAMBUCO;7323;4
RIO DE JANEIRO;7323;3
RIO GRANDE DO SUL;7323;10
RORAIMA;7323;3
SANTA CATARINA;7323;67
SAO PAULO;7323;39
SERGIPE;7323;5
TOCANTINS;7323;1
ALAGOAS;7331;1
CEARA;7331;2
MATO GROSSO;7331;1
MATO GROSSO DO SUL;7331;1
MINAS GERAIS;7331;1
PARANA;7331;3
PERNAMBUCO;7331;1
RIO GRANDE DO SUL;7331;2
SANTA CATARINA;7331;4
SAO PAULO;7331;3
ACRE;7340;26
ALAGOAS;7340;100
AMAZONAS;7340;178
AMAPA;7340;66
BAHIA;7340;1112
CEARA;7340;9523
DISTRITO FEDERAL;7340;45
ESPIRITO SANTO;7340;323
GOIAS;7340;157
MARANHAO;7340;424
MATO GROSSO;7340;8538
MATO GROSSO DO SUL;7340;1701
MINAS GERAIS;7340;2546
PARA;7340;153
PARAIBA;7340;2101
PARANA;7340;192
PERNAMBUCO;7340;670
PIAUI;7340;194
RIO DE JANEIRO;7340;340
RIO GRANDE DO NORTE;7340;453
RIO GRANDE DO SUL;7340;415
RONDONIA;7340;137
RORAIMA;7340;84
SANTA CATARINA;7340;3413
SAO PAULO;7340;1239
SERGIPE;7340;243
TOCANTINS;7340;24
ACRE;7358;1
AMAZONAS;7358;5
BAHIA;7358;9
CEARA;7358;37
DISTRITO FEDERAL;7358;18
ESPIRITO SANTO;7358;7
GOIAS;7358;19
MARANHAO;7358;5
MATO GROSSO;7358;122
MATO GROSSO DO SUL;7358;33
MINAS GERAIS;7358;79
PARA;7358;2
PARAIBA;7358;15
PARANA;7358;25
PERNAMBUCO;7358;11
PIAUI;7358;2
RIO DE JANEIRO;7358;21
RIO GRANDE DO SUL;7358;67
RONDONIA;7358;4
RORAIMA;7358;2
SANTA CATARINA;7358;306
SAO PAULO;7358;148
SERGIPE;7358;7
TOCANTINS;7358;1
ACRE;7366;14
ALAGOAS;7366;30
AMAZONAS;7366;328
AMAPA;7366;7
BAHIA;7366;3169
CEARA;7366;2340
DISTRITO FEDERAL;7366;209
ESPIRITO SANTO;7366;77
GOIAS;7366;253
MARANHAO;7366;374
MATO GROSSO;7366;4196
MATO GROSSO DO SUL;7366;1457
MINAS GERAIS;7366;3720
PARA;7366;67
PARAIBA;7366;1501
PARANA;7366;886
PERNAMBUCO;7366;244
PIAUI;7366;203
RIO DE JANEIRO;7366;178
RIO GRANDE DO NORTE;7366;97
RIO GRANDE DO SUL;7366;554
RONDONIA;7366;57
RORAIMA;7366;96
SANTA CATARINA;7366;2159
SAO PAULO;7366;12232
SERGIPE;7366;148
TOCANTINS;7366;28
AMAZONAS;7374;1
BAHIA;7374;27
CEARA;7374;18
ESPIRITO SANTO;7374;10
GOIAS;7374;3
MARANHAO;7374;119
MATO GROSSO;7374;10
MATO GROSSO DO SUL;7374;7
MINAS GERAIS;7374;56
PARA;7374;1
PARAIBA;7374;6
PARANA;7374;8
PERNAMBUCO;7374;3
PIAUI;7374;5
RIO DE JANEIRO;7374;70
RIO GRANDE DO SUL;7374;8
RONDONIA;7374;1
RORAIMA;7374;2
SANTA CATARINA;7374;139
SAO PAULO;7374;86
BAHIA;7420;1
MATO GROSSO;7439;1
MATO GROSSO DO SUL;7439;1
ACRE;7455;357
ALAGOAS;7455;1991
AMAZONAS;7455;913
AMAPA;7455;333
BAHIA;7455;86306
CEARA;7455;227708
DISTRITO FEDERAL;7455;43106
ESPIRITO SANTO;7455;12005
GOIAS;7455;12622
MARANHAO;7455;3998
MATO GROSSO;7455;17251
MATO GROSSO DO SUL;7455;39384
MINAS GERAIS;7455;190280
PARA;7455;6906
PARAIBA;7455;17924
PARANA;7455;62415
PERNAMBUCO;7455;13087
PIAUI;7455;7824
RIO DE JANEIRO;7455;57706
RIO GRANDE DO NORTE;7455;7729
RIO GRANDE DO SUL;7455;27741
RONDONIA;7455;2199
RORAIMA;7455;437
SANTA CATARINA;7455;110858
SAO PAULO;7455;713358
SERGIPE;7455;1515
TOCANTINS;7455;1339
ACRE;7463;84
ALAGOAS;7463;414
AMAZONAS;7463;155
AMAPA;7463;81
BAHIA;7463;8587
CEARA;7463;38462
DISTRITO FEDERAL;7463;6956
ESPIRITO SANTO;7463;3300
GOIAS;7463;2234
MARANHAO;7463;865
MATO GROSSO;7463;4095
MATO GROSSO DO SUL;7463;8769
MINAS GERAIS;7463;27401
PARA;7463;1200
PARAIBA;7463;3354
PARANA;7463;10935
PERNAMBUCO;7463;2484
PIAUI;7463;1360
RIO DE JANEIRO;7463;13079
RIO GRANDE DO NORTE;7463;1316
RIO GRANDE DO SUL;7463;4658
RONDONIA;7463;554
RORAIMA;7463;77
SANTA CATARINA;7463;15556
SAO PAULO;7463;98616
SERGIPE;7463;248
TOCANTINS;7463;286
ACRE;7471;10
ALAGOAS;7471;49
AMAZONAS;7471;24
AMAPA;7471;7
BAHIA;7471;747
CEARA;7471;5503
DISTRITO FEDERAL;7471;643
ESPIRITO SANTO;7471;385
GOIAS;7471;268
MARANHAO;7471;108
MATO GROSSO;7471;547
MATO GROSSO DO SUL;7471;1231
MINAS GERAIS;7471;2862
PARA;7471;156
PARAIBA;7471;323
PARANA;7471;1366
PERNAMBUCO;7471;455
PIAUI;7471;150
RIO DE JANEIRO;7471;858
RIO GRANDE DO NORTE;7471;188
RIO GRANDE DO SUL;7471;453
RONDONIA;7471;89
RORAIMA;7471;5
SANTA CATARINA;7471;1668
SAO PAULO;7471;11122
SERGIPE;7471;43
TOCANTINS;7471;56
BAHIA;7552;1
CEARA;7552;3
GOIAS;7552;2
MARANHAO;7552;2
MINAS GERAIS;7552;40
PARA;7552;4
PARANA;7552;1
PERNAMBUCO;7552;6
RIO GRANDE DO NORTE;7552;5
RIO GRANDE DO SUL;7552;1
SANTA CATARINA;7552;16
SAO PAULO;7552;16
ACRE;7560;16
ALAGOAS;7560;32
AMAZONAS;7560;33
AMAPA;7560;3
BAHIA;7560;176
CEARA;7560;170
DISTRITO FEDERAL;7560;15
ESPIRITO SANTO;7560;85
GOIAS;7560;115
MARANHAO;7560;24
MATO GROSSO;7560;152
MATO GROSSO DO SUL;7560;44
MINAS GERAIS;7560;286
PARA;7560;62
PARAIBA;7560;62
PARANA;7560;166
PERNAMBUCO;7560;126
PIAUI;7560;30
RIO DE JANEIRO;7560;87
RIO GRANDE DO NORTE;7560;140
RIO GRANDE DO SUL;7560;136
RONDONIA;7560;97
RORAIMA;7560;36
SANTA CATARINA;7560;175
SAO PAULO;7560;315
SERGIPE;7560;60
TOCANTINS;7560;28
ACRE;7579;34
ALAGOAS;7579;42
AMAZONAS;7579;103
AMAPA;7579;10
BAHIA;7579;988
CEARA;7579;1583
DISTRITO FEDERAL;7579;305
ESPIRITO SANTO;7579;170
GOIAS;7579;208
MARANHAO;7579;593
MATO GROSSO;7579;197
MATO GROSSO DO SUL;7579;1937
MINAS GERAIS;7579;696
PARA;7579;233
PARAIBA;7579;350
PARANA;7579;397
PERNAMBUCO;7579;920
PIAUI;7579;175
RIO DE JANEIRO;7579;329
RIO GRANDE DO NORTE;7579;174
RIO GRANDE DO SUL;7579;990
RONDONIA;7579;58
RORAIMA;7579;62
SANTA CATARINA;7579;3519
SAO PAULO;7579;1963
SERGIPE;7579;102
TOCANTINS;7579;44
ACRE;7587;4
ALAGOAS;7587;65
AMAZONAS;7587;10
BAHIA;7587;6313
CEARA;7587;163
DISTRITO FEDERAL;7587;229
ESPIRITO SANTO;7587;140
GOIAS;7587;162
MARANHAO;7587;419
MATO GROSSO;7587;120
MATO GROSSO DO SUL;7587;87
MINAS GERAIS;7587;10334
PARA;7587;84
PARAIBA;7587;185
PARANA;7587;745
PERNAMBUCO;7587;859
PIAUI;7587;3085
RIO DE JANEIRO;7587;416
RIO GRANDE DO NORTE;7587;56
RIO GRANDE DO SUL;7587;310
RONDONIA;7587;23
RORAIMA;7587;1
SANTA CATARINA;7587;836
SAO PAULO;7587;68163
SERGIPE;7587;81
TOCANTINS;7587;43
CEARA;7595;1
MINAS GERAIS;7595;2
SANTA CATARINA;7595;1
SAO PAULO;7609;3
BAHIA;7617;2
CEARA;7617;28
DISTRITO FEDERAL;7617;1
ESPIRITO SANTO;7617;4
MARANHAO;7617;5
MATO GROSSO;7617;2
MINAS GERAIS;7617;8
PARAIBA;7617;1
PARANA;7617;11
PERNAMBUCO;7617;5
RIO GRANDE DO SUL;7617;2
SANTA CATARINA;7617;3
SAO PAULO;7617;108
ALAGOAS;7625;4
AMAZONAS;7625;235
BAHIA;7625;900
CEARA;7625;1250
DISTRITO FEDERAL;7625;34
ESPIRITO SANTO;7625;21
GOIAS;7625;42
MARANHAO;7625;125
MATO GROSSO;7625;431
MATO GROSSO DO SUL;7625;287
MINAS GERAIS;7625;1924
PARA;7625;18
PARAIBA;7625;696
PARANA;7625;1259
PERNAMBUCO;7625;243
PIAUI;7625;132
RIO DE JANEIRO;7625;26
RIO GRANDE DO NORTE;7625;35
RIO GRANDE DO SUL;7625;209
RONDONIA;7625;10
RORAIMA;7625;5
SANTA CATARINA;7625;1945
SAO PAULO;7625;4579
SERGIPE;7625;14
TOCANTINS;7625;9
ACRE;7633;17
ALAGOAS;7633;66
AMAZONAS;7633;420
AMAPA;7633;12
BAHIA;7633;4717
CEARA;7633;3273
DISTRITO FEDERAL;7633;851
ESPIRITO SANTO;7633;209
GOIAS;7633;578
MARANHAO;7633;559
MATO GROSSO;7633;3497
MATO GROSSO DO SUL;7633;6100
MINAS GERAIS;7633;13809
PARA;7633;116
PARAIBA;7633;1492
PARANA;7633;5520
PERNAMBUCO;7633;941
PIAUI;7633;522
RIO DE JANEIRO;7633;628
RIO GRANDE DO NORTE;7633;147
RIO GRANDE DO SUL;7633;1375
RONDONIA;7633;184
RORAIMA;7633;497
SANTA CATARINA;7633;9539
SAO PAULO;7633;60340
SERGIPE;7633;138
TOCANTINS;7633;59
